CustomerID,Full_Name,Email,Mobile_no,LoginByUsing,Gender,DOB,Anniversary,Rating,Preferences,CreatedDate,ModifiedDate
64023,Kamya Mohan,kamyamohan900@outlook.com,9038479723,GMail_Account,Female,1960-05-15,1988-05-08,3.5,"{""FoodPreference"": ""Eggetarian"", ""CuisineTypes"": [""South Indian"", ""Thai"", ""Japanese""]}",2020-07-21 08:50:48,2024-03-18 09:32:23
63963,Girish Kar,girishkar934@yahoo.com,7181172560,Apple_ID,Male,2006-04-27,,3.5,"{""FoodPreference"": ""Eggetarian"", ""CuisineTypes"": [""Street Food"", ""North Indian""]}",2021-09-09 03:44:10,2025-01-09 01:12:36
88938,Idika Swaminathan,idikaswaminathan526@hotmail.com,9906044981,Other_EMail,Female,1974-02-20,,3.7,"{""FoodPreference"": ""Eggetarian"", ""CuisineTypes"": [""Thai"", ""Mexican"", ""South Indian"", ""Chinese"", ""North Indian""]}",2023-12-04 10:12:10,2024-06-27 03:07:13
59782,Vidhi Mutti,vidhimutti786@yahoo.com,7839929442,GMail_Account,Female,1997-03-10,2021-03-04,4.3,"{""FoodPreference"": ""Eggetarian"", ""CuisineTypes"": [""Street Food"", ""Continental"", ""Italian"", ""Japanese""]}",2022-08-20 05:45:37,2023-06-16 20:25:16
68982,Anita Ratti,anitaratti170@hotmail.com,7935641372,GMail_Account,Female,1971-02-24,,3.5,"{""FoodPreference"": ""Eggetarian"", ""CuisineTypes"": [""North Indian""]}",2022-05-20 13:25:15,2025-02-17 10:48:03
49310,Priya Kibe,yashawinidube420@hotmail.com,9497784480,GMail_Account,Female,2004-07-16,,3.9,"{""FoodPreference"": ""Non-Veg"", ""CuisineTypes"": [""North Indian"", ""Mediterranean"", ""Street Food""]}",2020-07-31 03:53:41,2021-02-07 12:26:50
65488,Aashi Bhat,aadhyashukla203@hotmail.com,9401951397,GMail_Account,Female,1997-09-18,,4.1,"{""FoodPreference"": ""Non-Veg"", ""CuisineTypes"": [""South Indian""]}",2020-07-31 22:32:02,2023-08-17 06:20:08
90984,Isaac Prasad,isaacprasad285@outlook.com,9144123902,GMail_Account,Male,1987-12-18,,4.3,"{""FoodPreference"": ""Non-Veg"", ""CuisineTypes"": [""Street Food"", ""Chinese"", ""Thai"", ""South Indian"", ""Mediterranean""]}",2024-11-02 22:00:43,2025-04-18 18:10:15
50599,Lucky Gola,luckygola487@hotmail.com,9225347161,GMail_Account,Male,1997-01-01,2014-12-28,4.8,"{""FoodPreference"": ""Non-Veg"", ""CuisineTypes"": [""Japanese"", ""Italian""]}",2022-10-11 12:03:25,2024-05-21 11:55:10
18445,Mohammed Sastry,mohammedsastry351@hotmail.com,8352756620,GMail_Account,Male,1953-08-18,,4.1,"{""FoodPreference"": ""Veg"", ""CuisineTypes"": [""Italian"", ""Thai""]}",2021-05-30 01:09:28,2024-06-18 19:01:56
48103,Samarth Dutta,samarthdutta904@hotmail.com,9527804829,Other_EMail,Other,2004-12-06,2022-12-02,3.3,"{""FoodPreference"": ""Eggetarian"", ""CuisineTypes"": [""Street Food""]}",2024-10-20 20:51:16,2025-02-14 19:13:57
95003,Veda Chada,vedachada250@outlook.com,9266422833,Apple_ID,Female,1949-05-20,1971-05-15,3.4,"{""FoodPreference"": ""Vegan"", ""CuisineTypes"": [""Italian""]}",2024-01-22 18:05:19,2025-02-18 20:28:19
41928,Viraj Ramakrishnan,virajramakrishnan761@outlook.com,7204882941,Other_EMail,Male,1969-10-07,,3.3,"{""FoodPreference"": ""Vegan"", ""CuisineTypes"": [""Continental"", ""Mexican""]}",2023-04-22 15:50:58,2024-11-22 15:26:51
78762,Jeevika Sule,prishaprabhu423@outlook.com,7219609095,Apple_ID,Female,1963-07-01,,4.5,"{""FoodPreference"": ""Eggetarian"", ""CuisineTypes"": [""North Indian""]}",2024-09-21 13:52:43,2025-01-20 11:31:17
29241,Raghav Balakrishnan,raghavbalakrishnan795@yahoo.com,7372326547,GMail_Account,Male,1989-02-21,2018-02-14,5.0,"{""FoodPreference"": ""Vegan"", ""CuisineTypes"": [""Japanese"", ""Street Food"", ""Mexican"", ""Mediterranean""]}",2024-04-05 18:14:54,2025-01-05 04:44:28
72347,Ekapad Natarajan,arinmangat799@gmail.com,8337651949,Apple_ID,Male,2004-12-27,,3.4,"{""FoodPreference"": ""Vegan"", ""CuisineTypes"": [""Italian"", ""North Indian"", ""Continental"", ""Mexican""]}",2024-10-08 15:40:50,2025-01-11 10:53:29
34354,Jonathan Roy,jonathanroy593@outlook.com,9001693498,GMail_Account,Male,1996-01-20,2023-01-13,4.2,"{""FoodPreference"": ""Eggetarian"", ""CuisineTypes"": [""Chinese"", ""Continental"", ""Mediterranean"", ""Thai"", ""South Indian""]}",2024-05-11 01:28:19,2024-11-08 06:07:36
53779,Ekta Kara,ektakara759@gmail.com,8129582398,GMail_Account,Female,1957-01-14,1975-01-10,3.4,"{""FoodPreference"": ""Vegan"", ""CuisineTypes"": [""North Indian"", ""Mediterranean"", ""Thai"", ""Chinese"", ""Italian""]}",2022-09-08 22:53:18,2023-03-11 17:10:52
42346,Inaya Batra,rajeshritella65@gmail.com,7753018777,Apple_ID,Female,1965-10-10,1985-10-05,4.9,"{""FoodPreference"": ""Veg"", ""CuisineTypes"": [""South Indian"", ""Thai"", ""Continental""]}",2025-01-28 08:08:21,2025-03-21 03:04:11
3547,Amrita Parmer,amritaparmer766@gmail.com,9058794896,Other_EMail,Female,1969-11-20,1999-11-13,4.5,"{""FoodPreference"": ""Non-Veg"", ""CuisineTypes"": [""South Indian"", ""Italian"", ""Street Food"", ""North Indian""]}",2022-01-05 23:09:36,2023-05-19 10:50:33
25234,Gaurang Borde,tanveermitra379@yahoo.com,8162092770,GMail_Account,Male,1984-09-22,2014-09-15,4.6,"{""FoodPreference"": ""Eggetarian"", ""CuisineTypes"": [""Continental"", ""Chinese""]}",2025-04-04 15:31:25,2025-04-18 13:11:26
16421,Rohan Swamy,rohanswamy124@gmail.com,9171581024,GMail_Account,Male,1988-10-31,2007-10-27,3.6,"{""FoodPreference"": ""Non-Veg"", ""CuisineTypes"": [""North Indian""]}",2021-12-17 17:52:00,2022-09-30 14:59:52
88750,Alka Som,alkasom573@gmail.com,8675851948,Other_EMail,Female,1950-01-02,1979-12-26,3.5,"{""FoodPreference"": ""Veg"", ""CuisineTypes"": [""Italian""]}",2025-01-04 17:43:52,2025-02-26 19:36:13
34071,Panini Mitter,paninimitter82@hotmail.com,8580534876,GMail_Account,Female,2004-08-28,,3.4,"{""FoodPreference"": ""Non-Veg"", ""CuisineTypes"": [""Thai"", ""Italian"", ""Japanese"", ""Chinese""]}",2021-08-12 00:54:49,2021-12-05 22:03:20
44470,Kashvi Samra,netrakapadia255@outlook.com,9972547261,Apple_ID,Female,1999-05-25,,4.1,"{""FoodPreference"": ""Non-Veg"", ""CuisineTypes"": [""Mediterranean"", ""Street Food"", ""North Indian"", ""Mexican"", ""Continental""]}",2022-08-15 19:43:03,2023-04-23 21:57:09
49128,Jasmit Khosla,jasmitkhosla338@gmail.com,8492104458,GMail_Account,Female,1975-10-18,1999-10-12,3.7,"{""FoodPreference"": ""Non-Veg"", ""CuisineTypes"": [""North Indian"", ""Chinese"", ""Japanese"", ""Italian"", ""South Indian""]}",2021-05-18 20:11:31,2021-11-19 08:01:02
95279,Udarsh Bhagat,elijahmishra513@gmail.com,8296577512,GMail_Account,Male,1982-05-31,,4.1,"{""FoodPreference"": ""Vegan"", ""CuisineTypes"": [""South Indian""]}",2022-04-05 20:40:58,2022-07-23 09:38:00
91303,Kevin Vasa,kevinvasa537@outlook.com,9632568238,Other_EMail,Male,1969-09-27,1989-09-22,4.8,"{""FoodPreference"": ""Veg"", ""CuisineTypes"": [""North Indian"", ""Street Food"", ""Continental""]}",2022-09-22 19:29:45,2024-02-03 17:16:22
70269,Bishakha Babu,bishakhababu496@hotmail.com,9759423494,Other_EMail,Female,1992-10-25,,4.6,"{""FoodPreference"": ""Eggetarian"", ""CuisineTypes"": [""Thai"", ""Continental"", ""Mexican"", ""Mediterranean""]}",2024-04-26 13:27:03,2024-05-27 12:22:20
46208,Divya Chaudhari,divyachaudhari262@hotmail.com,9522063712,Apple_ID,Female,2004-08-17,,4.1,"{""FoodPreference"": ""Vegan"", ""CuisineTypes"": [""Continental""]}",2023-09-12 03:59:35,2023-10-19 18:28:13
74234,Banjeet Barad,banjeetbarad685@hotmail.com,7272747834,Apple_ID,Male,1978-12-19,,3.4,"{""FoodPreference"": ""Veg"", ""CuisineTypes"": [""Mexican"", ""North Indian"", ""Mediterranean""]}",2021-03-27 17:37:06,2024-04-19 10:44:23
96242,Girish Atwal,girishatwal591@outlook.com,7824488035,GMail_Account,Male,1977-02-05,2000-01-31,3.3,"{""FoodPreference"": ""Eggetarian"", ""CuisineTypes"": [""North Indian"", ""Thai"", ""Italian"", ""Continental"", ""Chinese""]}",2023-06-06 09:35:11,2023-08-26 09:44:40
94942,Luke Rao,lukerao755@yahoo.com,8352298275,Apple_ID,Male,1991-08-02,2021-07-25,3.4,"{""FoodPreference"": ""Eggetarian"", ""CuisineTypes"": [""Chinese"", ""Mexican"", ""North Indian"", ""Street Food"", ""Thai""]}",2022-10-25 21:30:16,2023-02-27 03:16:44
99639,Wakeeta Singhal,wakeetasinghal563@outlook.com,7879240218,Other_EMail,Female,1992-01-01,2017-12-25,3.5,"{""FoodPreference"": ""Vegan"", ""CuisineTypes"": [""Mexican"", ""Street Food"", ""Chinese"", ""Japanese""]}",2025-01-11 18:24:15,2025-04-30 08:34:34
66137,Meera Sule,meerasule888@outlook.com,8783099368,Apple_ID,Female,1962-01-21,,3.5,"{""FoodPreference"": ""Vegan"", ""CuisineTypes"": [""Mexican"", ""Thai"", ""Chinese""]}",2022-09-25 16:31:09,2022-12-17 04:11:39
4336,Hemangini Jani,hemanginijani558@outlook.com,7625353540,Apple_ID,Female,1985-02-22,2010-02-16,3.7,"{""FoodPreference"": ""Vegan"", ""CuisineTypes"": [""Street Food""]}",2025-04-26 07:26:14,2025-05-01 02:29:55
86729,Wriddhish Mahajan,wriddhishmahajan329@yahoo.com,8938589439,Apple_ID,Male,1999-09-09,,4.3,"{""FoodPreference"": ""Veg"", ""CuisineTypes"": [""Italian""]}",2023-07-10 23:55:06,2024-03-29 01:28:16
64918,Advay Wable,advaywable929@hotmail.com,8022597969,Other_EMail,Male,1951-05-08,,5.0,"{""FoodPreference"": ""Eggetarian"", ""CuisineTypes"": [""Mediterranean"", ""North Indian""]}",2022-01-27 10:52:54,2022-04-14 00:07:53
49491,Harish Sura,harishsura654@gmail.com,7803946024,Apple_ID,Male,1994-01-14,2021-01-07,3.7,"{""FoodPreference"": ""Non-Veg"", ""CuisineTypes"": [""Street Food"", ""South Indian""]}",2022-09-06 17:47:31,2023-05-15 07:15:09
43572,Aarav Patla,aaravpatla258@hotmail.com,7198671613,Apple_ID,Male,2008-10-07,,4.7,"{""FoodPreference"": ""Eggetarian"", ""CuisineTypes"": [""Chinese"", ""Street Food"", ""Thai"", ""South Indian"", ""North Indian""]}",2023-09-21 20:47:19,2024-11-13 18:04:10
91793,Eta Dugar,etadugar51@yahoo.com,7244630225,GMail_Account,Female,1976-02-02,2006-01-25,4.8,"{""FoodPreference"": ""Veg"", ""CuisineTypes"": [""Street Food""]}",2022-06-22 00:19:05,2023-09-01 12:23:11
79740,Falak Kala,falakkala739@hotmail.com,9537302252,Other_EMail,Female,1972-06-23,2000-06-16,4.0,"{""FoodPreference"": ""Eggetarian"", ""CuisineTypes"": [""Japanese"", ""Chinese"", ""Mediterranean""]}",2021-08-04 23:05:08,2023-12-27 19:19:23
37202,Omisha Gandhi,rajeshribhandari734@hotmail.com,7110535406,Other_EMail,Female,1993-04-24,2014-04-19,4.5,"{""FoodPreference"": ""Non-Veg"", ""CuisineTypes"": [""Japanese""]}",2024-01-09 10:42:29,2024-12-22 00:34:08
44610,Daksha Sarraf,dakshasarraf28@outlook.com,9953567984,GMail_Account,Female,1960-10-21,1986-10-15,3.8,"{""FoodPreference"": ""Vegan"", ""CuisineTypes"": [""North Indian""]}",2021-10-11 21:19:37,2025-03-07 22:57:12
6766,Eesha Varughese,eeshavarughese57@outlook.com,9981345301,Other_EMail,Female,1972-07-25,1995-07-20,4.4,"{""FoodPreference"": ""Vegan"", ""CuisineTypes"": [""Mediterranean"", ""Continental""]}",2020-06-13 00:40:08,2021-09-24 22:25:26
62364,Bimala Sha,meghanasarma50@hotmail.com,7026001857,Other_EMail,Female,1953-09-29,1977-09-23,3.7,"{""FoodPreference"": ""Eggetarian"", ""CuisineTypes"": [""Mediterranean"", ""Thai""]}",2021-05-22 10:13:17,2024-07-07 19:14:57
41920,Nihal Narasimhan,hardikparmar163@hotmail.com,8362238540,Other_EMail,Male,1980-10-30,2008-10-23,3.1,"{""FoodPreference"": ""Vegan"", ""CuisineTypes"": [""Chinese"", ""Japanese"", ""Mexican"", ""North Indian"", ""Mediterranean""]}",2020-07-14 22:57:22,2024-02-23 16:58:32
83567,Zaid Manne,zaidmanne758@outlook.com,9777307088,Other_EMail,Male,2002-01-31,,4.2,"{""FoodPreference"": ""Eggetarian"", ""CuisineTypes"": [""Mediterranean""]}",2020-10-31 06:00:57,2021-01-15 02:31:35
82788,Parth Madan,parthmadan589@gmail.com,8753559308,Other_EMail,Male,1970-06-22,,4.3,"{""FoodPreference"": ""Eggetarian"", ""CuisineTypes"": [""Italian"", ""Chinese"", ""Mexican""]}",2021-09-28 20:50:57,2025-01-03 21:34:43
32092,Oeshi Munshi,oeshimunshi349@yahoo.com,8301533135,Apple_ID,Female,2007-01-10,,3.9,"{""FoodPreference"": ""Veg"", ""CuisineTypes"": [""North Indian"", ""Thai"", ""Continental""]}",2023-04-03 05:18:47,2023-05-25 13:16:32
15675,Ishanvi Murthy,ishanvimurthy223@gmail.com,9629893233,Apple_ID,Female,1974-12-15,1995-12-10,3.8,"{""FoodPreference"": ""Eggetarian"", ""CuisineTypes"": [""Mexican""]}",2022-09-28 17:56:37,2023-11-17 09:34:15
82111,Wridesh Goswami,wrideshgoswami765@hotmail.com,9050525685,Apple_ID,Male,1983-12-13,2012-12-05,4.2,"{""FoodPreference"": ""Veg"", ""CuisineTypes"": [""Mediterranean"", ""Chinese"", ""South Indian""]}",2023-12-14 05:01:22,2023-12-21 00:16:32
63347,Radhika Nagy,radhikanagy578@gmail.com,9590585510,Apple_ID,Female,1955-08-30,1973-08-25,4.4,"{""FoodPreference"": ""Non-Veg"", ""CuisineTypes"": [""South Indian"", ""Chinese"", ""Mexican""]}",2021-04-27 06:02:52,2024-03-02 06:46:20
8947,Anmol Karpe,anmolkarpe340@hotmail.com,9334879098,GMail_Account,Male,1986-11-06,,4.2,"{""FoodPreference"": ""Eggetarian"", ""CuisineTypes"": [""Street Food""]}",2021-05-01 15:38:56,2023-07-04 21:03:30
82581,Zinal Kalla,oshamadan227@hotmail.com,8042890328,Apple_ID,Female,1973-10-28,1995-10-23,4.3,"{""FoodPreference"": ""Veg"", ""CuisineTypes"": [""Thai""]}",2021-04-02 03:26:22,2023-02-17 18:54:52
24485,Umang Dube,umangdube993@yahoo.com,7071459472,Other_EMail,Male,1954-06-27,,4.4,"{""FoodPreference"": ""Non-Veg"", ""CuisineTypes"": [""Mediterranean"", ""South Indian""]}",2022-07-26 09:37:01,2023-05-22 13:28:43
98051,Anya Goel,anyagoel269@outlook.com,8033898775,Apple_ID,Female,1977-06-15,1995-06-11,4.8,"{""FoodPreference"": ""Eggetarian"", ""CuisineTypes"": [""North Indian""]}",2023-11-13 15:03:54,2024-06-20 04:15:03
60701,Yash Prabhakar,yashprabhakar522@outlook.com,7594747321,GMail_Account,Male,1967-03-15,1990-03-09,4.0,"{""FoodPreference"": ""Non-Veg"", ""CuisineTypes"": [""Mediterranean"", ""North Indian"", ""Mexican"", ""Street Food""]}",2024-03-07 23:03:19,2025-04-10 12:06:30
77137,Falak Sarin,daksharaj109@outlook.com,7122292697,Other_EMail,Female,1969-10-25,,4.4,"{""FoodPreference"": ""Eggetarian"", ""CuisineTypes"": [""South Indian"", ""Japanese"", ""Continental"", ""Street Food""]}",2025-02-21 20:39:38,2025-04-14 08:03:32
80501,Pranit Vohra,pranitvohra748@gmail.com,8873214167,Other_EMail,Male,2003-08-30,,5.0,"{""FoodPreference"": ""Veg"", ""CuisineTypes"": [""Street Food"", ""South Indian"", ""Mediterranean"", ""Thai"", ""Chinese""]}",2023-08-08 06:07:30,2023-10-26 21:38:04
94072,Abeer Bobal,abeerbobal410@hotmail.com,8773614478,Other_EMail,Male,1953-09-03,,3.4,"{""FoodPreference"": ""Non-Veg"", ""CuisineTypes"": [""Italian"", ""Japanese"", ""Thai""]}",2022-10-03 20:56:11,2023-02-14 06:56:10
32596,Devansh Keer,devanshkeer914@hotmail.com,8447617826,Apple_ID,Male,2004-02-10,,4.1,"{""FoodPreference"": ""Vegan"", ""CuisineTypes"": [""Mexican"", ""Italian"", ""Street Food"", ""Japanese""]}",2022-05-25 02:02:44,2025-02-23 22:13:54
38703,Urmi Palla,urmipalla833@gmail.com,7749617996,Apple_ID,Female,1952-05-01,1970-04-27,4.8,"{""FoodPreference"": ""Non-Veg"", ""CuisineTypes"": [""Japanese"", ""Continental""]}",2024-12-09 09:19:01,2025-02-27 05:51:08
68108,Hritik Chadha,hritikchadha364@hotmail.com,9769453128,Apple_ID,Male,2002-02-22,2025-02-16,3.2,"{""FoodPreference"": ""Non-Veg"", ""CuisineTypes"": [""Thai"", ""South Indian"", ""Continental"", ""Mexican"", ""North Indian""]}",2021-05-29 20:40:30,2022-06-26 13:00:12
86583,Jeet Dyal,jeetdyal11@hotmail.com,9287229659,Other_EMail,Male,1990-01-04,2011-12-30,3.0,"{""FoodPreference"": ""Non-Veg"", ""CuisineTypes"": [""Mediterranean"", ""Thai"", ""Mexican"", ""South Indian""]}",2021-07-26 09:18:56,2024-08-14 22:36:52
35071,Harita Bajwa,haritabajwa906@yahoo.com,9701951373,Apple_ID,Female,1966-10-27,1990-10-21,3.6,"{""FoodPreference"": ""Eggetarian"", ""CuisineTypes"": [""Japanese"", ""Chinese"", ""Mediterranean""]}",2022-02-01 11:00:45,2023-01-08 02:52:22
16704,Abha Gera,indalichakraborty219@yahoo.com,8080149251,Other_EMail,Female,1978-02-21,,3.7,"{""FoodPreference"": ""Non-Veg"", ""CuisineTypes"": [""Italian"", ""Mexican"", ""Japanese"", ""Thai""]}",2021-05-27 04:17:13,2021-10-07 02:29:56
66296,Divya Sachdeva,divyasachdeva805@outlook.com,7439942604,Apple_ID,Female,1980-01-20,,4.3,"{""FoodPreference"": ""Non-Veg"", ""CuisineTypes"": [""Street Food"", ""North Indian""]}",2020-09-01 16:41:35,2023-02-27 06:28:23
23906,Urvashi Balay,urvashibalay397@yahoo.com,7124327051,Other_EMail,Female,2004-05-11,2022-05-07,4.4,"{""FoodPreference"": ""Vegan"", ""CuisineTypes"": [""Street Food"", ""Continental"", ""Mexican""]}",2020-10-20 06:57:01,2025-01-07 23:40:11
54239,Chasmum Narula,taradâ€™alia799@outlook.com,9620528567,Apple_ID,Female,1964-10-04,1986-09-29,3.8,"{""FoodPreference"": ""Non-Veg"", ""CuisineTypes"": [""Mexican"", ""Street Food"", ""Thai""]}",2021-04-19 23:39:26,2022-07-01 21:04:02
18161,Nicholas Contractor,nicholascontractor282@hotmail.com,9988790289,Other_EMail,Male,1950-05-22,,3.0,"{""FoodPreference"": ""Veg"", ""CuisineTypes"": [""Chinese""]}",2020-11-09 21:25:03,2024-12-12 01:30:07
77199,Neha Ganesan,xalakluthra554@yahoo.com,8762902810,Apple_ID,Female,1999-01-10,,4.0,"{""FoodPreference"": ""Eggetarian"", ""CuisineTypes"": [""Japanese"", ""Mediterranean"", ""Street Food"", ""Chinese""]}",2021-03-15 20:27:38,2024-03-24 16:37:13
20839,Bhavya Nadig,bhavyanadig979@hotmail.com,9398060546,GMail_Account,Female,1978-09-17,,3.2,"{""FoodPreference"": ""Non-Veg"", ""CuisineTypes"": [""Mexican"", ""Thai"", ""North Indian""]}",2023-12-20 20:58:25,2024-08-13 14:47:57
80148,Azad Devi,shauryagarde144@hotmail.com,9560754382,Apple_ID,Male,1966-02-24,,3.3,"{""FoodPreference"": ""Vegan"", ""CuisineTypes"": [""Japanese"", ""Mediterranean"", ""Street Food"", ""Chinese"", ""Thai""]}",2022-04-11 01:22:12,2023-10-06 23:26:28
82085,Umang Chatterjee,anirudhbarad789@gmail.com,7223430977,Other_EMail,Male,1996-08-25,,3.3,"{""FoodPreference"": ""Veg"", ""CuisineTypes"": [""Thai"", ""Japanese"", ""South Indian"", ""Chinese""]}",2022-11-25 03:47:14,2024-11-02 09:54:24
30867,Samaksh Panchal,samakshpanchal992@hotmail.com,8999639654,Other_EMail,Male,1993-01-06,2011-01-02,4.1,"{""FoodPreference"": ""Veg"", ""CuisineTypes"": [""Continental"", ""South Indian"", ""Japanese"", ""Mediterranean""]}",2023-08-18 06:22:33,2023-12-18 15:40:27
77713,Zaid Sawhney,zaidsawhney245@outlook.com,9994188130,GMail_Account,Male,2005-10-08,,3.8,"{""FoodPreference"": ""Vegan"", ""CuisineTypes"": [""South Indian"", ""Italian"", ""Mediterranean""]}",2021-07-28 06:34:18,2023-07-20 04:00:26
19967,Mahika Boase,mahikaboase199@gmail.com,8616398142,Other_EMail,Female,1964-06-23,1991-06-17,4.9,"{""FoodPreference"": ""Veg"", ""CuisineTypes"": [""Mediterranean"", ""Italian"", ""Continental"", ""Chinese"", ""South Indian""]}",2023-10-15 16:01:05,2024-09-18 08:17:41
60087,Praneel Seth,praneelseth710@gmail.com,7867562954,GMail_Account,Male,2000-11-16,2021-11-11,5.0,"{""FoodPreference"": ""Veg"", ""CuisineTypes"": [""Continental"", ""Mexican"", ""Chinese""]}",2022-04-18 08:19:52,2022-07-29 17:06:02
82879,Aarna Hayer,aarnahayer679@gmail.com,9306136434,Apple_ID,Female,1976-10-20,,4.5,"{""FoodPreference"": ""Veg"", ""CuisineTypes"": [""Mediterranean"", ""North Indian""]}",2021-01-01 19:05:28,2024-08-20 21:43:56
98971,Xalak Gupta,xalakgupta833@gmail.com,7163010596,Other_EMail,Female,1968-10-22,1989-10-17,4.1,"{""FoodPreference"": ""Non-Veg"", ""CuisineTypes"": [""Street Food"", ""Continental"", ""Mediterranean"", ""Italian""]}",2023-11-01 23:55:54,2025-03-06 19:22:22
32303,Darika Manda,darikamanda5@yahoo.com,7192266642,Other_EMail,Female,1966-10-26,1995-10-19,3.2,"{""FoodPreference"": ""Veg"", ""CuisineTypes"": [""Chinese""]}",2024-10-22 13:39:29,2025-04-23 22:18:27
79974,Pooja Sarma,poojasarma931@yahoo.com,7231773255,Apple_ID,Female,1996-05-24,2021-05-18,3.6,"{""FoodPreference"": ""Non-Veg"", ""CuisineTypes"": [""Chinese"", ""Street Food"", ""North Indian""]}",2024-06-15 16:55:50,2024-12-20 10:49:59
8273,Oscar Misra,oscarmisra549@outlook.com,7852240571,Apple_ID,Other,1990-06-28,2014-06-22,4.6,"{""FoodPreference"": ""Veg"", ""CuisineTypes"": [""Mediterranean"", ""Street Food""]}",2023-04-26 10:09:25,2024-11-09 02:15:22
364,Neha Yohannan,nehayohannan894@hotmail.com,7386966239,GMail_Account,Female,1967-05-04,1994-04-27,4.1,"{""FoodPreference"": ""Eggetarian"", ""CuisineTypes"": [""Thai"", ""Mediterranean""]}",2022-05-20 17:05:41,2025-02-21 23:25:13
80723,Tristan Kaur,tristankaur282@outlook.com,8065421131,Apple_ID,Male,2007-07-24,,3.8,"{""FoodPreference"": ""Vegan"", ""CuisineTypes"": [""Street Food"", ""Chinese"", ""Thai""]}",2021-10-06 22:13:39,2023-01-11 10:13:56
78112,Tripti Nadkarni,triptinadkarni314@hotmail.com,8358756295,Other_EMail,Female,1998-07-16,,3.0,"{""FoodPreference"": ""Vegan"", ""CuisineTypes"": [""Street Food"", ""South Indian"", ""Japanese"", ""Mexican"", ""Thai""]}",2021-04-02 20:22:39,2022-07-23 01:34:30
25381,Veer Radhakrishnan,veerradhakrishnan258@gmail.com,7050329393,GMail_Account,Male,1999-08-07,2020-08-01,4.2,"{""FoodPreference"": ""Eggetarian"", ""CuisineTypes"": [""Street Food"", ""Italian"", ""Japanese""]}",2022-06-11 15:16:15,2023-08-09 12:42:31
96587,Ridhi Suresh,ridhisuresh38@hotmail.com,9966310237,Apple_ID,Other,2005-07-23,2024-07-18,3.2,"{""FoodPreference"": ""Vegan"", ""CuisineTypes"": [""Mediterranean""]}",2023-01-03 12:39:02,2024-01-28 07:31:00
39658,Timothy Thakkar,timothythakkar985@hotmail.com,7376674010,Apple_ID,Male,2007-04-20,,3.6,"{""FoodPreference"": ""Eggetarian"", ""CuisineTypes"": [""Mexican"", ""Continental""]}",2023-12-01 14:31:04,2024-03-06 09:43:04
15170,Amara Sandal,amarasandal867@yahoo.com,9385927481,Other_EMail,Female,1967-12-05,1992-11-28,4.1,"{""FoodPreference"": ""Non-Veg"", ""CuisineTypes"": [""Japanese"", ""North Indian"", ""Street Food"", ""Chinese""]}",2022-12-20 23:02:53,2024-04-20 22:10:39
21351,Ekantika Soni,ekantikasoni886@outlook.com,8988512430,Other_EMail,Female,1977-05-13,1996-05-08,3.8,"{""FoodPreference"": ""Veg"", ""CuisineTypes"": [""Thai"", ""Street Food"", ""North Indian"", ""Mediterranean"", ""Continental""]}",2023-02-03 08:06:57,2023-09-28 08:08:13
29402,Gaurav Ramaswamy,gauravramaswamy420@hotmail.com,9292351528,Other_EMail,Male,1981-01-07,2000-01-03,3.8,"{""FoodPreference"": ""Eggetarian"", ""CuisineTypes"": [""North Indian""]}",2022-09-05 08:30:05,2023-02-14 08:37:34
11343,Devansh Lalla,devanshlalla836@yahoo.com,8685417406,Other_EMail,Male,1956-06-30,,4.4,"{""FoodPreference"": ""Eggetarian"", ""CuisineTypes"": [""Chinese"", ""Thai"", ""South Indian""]}",2021-10-19 16:40:20,2023-05-14 20:02:02
48218,Ira Kapadia,irakapadia261@yahoo.com,9631566165,Other_EMail,Female,2008-04-21,,4.6,"{""FoodPreference"": ""Vegan"", ""CuisineTypes"": [""Mexican"", ""Chinese"", ""Italian"", ""Street Food"", ""Continental""]}",2025-02-26 09:09:02,2025-03-04 09:25:45
86477,Mekhala Hans,mekhalahans52@yahoo.com,8468122277,Other_EMail,Female,1973-06-11,1998-06-05,4.3,"{""FoodPreference"": ""Vegan"", ""CuisineTypes"": [""Street Food"", ""Thai""]}",2021-11-14 23:15:58,2024-06-06 01:51:14
90634,Thomas Bandi,thomasbandi352@yahoo.com,9531801088,Other_EMail,Male,1982-05-19,,3.2,"{""FoodPreference"": ""Veg"", ""CuisineTypes"": [""Mexican"", ""Mediterranean"", ""Continental"", ""Street Food""]}",2023-04-15 08:54:18,2024-11-18 01:16:47
58480,Ekanta Thakur,warindermangal577@hotmail.com,7394516928,Apple_ID,Other,1961-08-12,1979-08-08,3.2,"{""FoodPreference"": ""Vegan"", ""CuisineTypes"": [""Japanese"", ""North Indian"", ""Continental"", ""Mexican"", ""Thai""]}",2020-11-18 15:30:06,2022-02-09 13:05:33
93001,Vasatika Hora,bhavanibala328@hotmail.com,8284590556,GMail_Account,Female,1998-10-13,,4.4,"{""FoodPreference"": ""Eggetarian"", ""CuisineTypes"": [""Continental"", ""South Indian"", ""Mediterranean"", ""Street Food"", ""Chinese""]}",2023-11-19 12:34:38,2024-12-13 09:55:38
91826,Reva Ray,revaray46@hotmail.com,7682256609,GMail_Account,Female,1990-03-14,2008-03-09,3.0,"{""FoodPreference"": ""Vegan"", ""CuisineTypes"": [""North Indian"", ""Japanese""]}",2024-08-24 01:36:47,2025-04-28 19:18:38
86240,Tanish Radhakrishnan,onveernarasimhan582@hotmail.com,8632192165,GMail_Account,Male,1976-04-16,2003-04-10,4.9,"{""FoodPreference"": ""Eggetarian"", ""CuisineTypes"": [""Continental"", ""Italian"", ""South Indian"", ""North Indian""]}",2021-10-28 12:26:01,2023-11-13 14:35:49
93903,Ekanta Sarma,ekantasarma794@hotmail.com,9685017041,Apple_ID,Female,1957-01-07,1986-12-31,4.9,"{""FoodPreference"": ""Eggetarian"", ""CuisineTypes"": [""Chinese"", ""Japanese"", ""Continental"", ""South Indian""]}",2024-06-14 12:00:38,2024-07-03 05:45:41
60620,Aarav Dugar,aaravdugar866@gmail.com,7082808559,GMail_Account,Male,1954-11-25,1979-11-19,4.0,"{""FoodPreference"": ""Veg"", ""CuisineTypes"": [""South Indian"", ""Street Food"", ""Mexican"", ""Mediterranean""]}",2022-07-23 21:21:27,2023-08-25 13:39:12
65728,Mugdha Deshmukh,mugdhadeshmukh56@gmail.com,8112983120,Apple_ID,Female,1952-08-13,,3.9,"{""FoodPreference"": ""Non-Veg"", ""CuisineTypes"": [""Mediterranean"", ""Street Food""]}",2023-08-11 19:31:52,2023-09-25 20:26:26
23513,Pratyush Kashyap,raghavbarad200@gmail.com,9761932073,Apple_ID,Male,1986-04-21,2004-04-16,4.4,"{""FoodPreference"": ""Non-Veg"", ""CuisineTypes"": [""Mediterranean""]}",2020-10-21 19:23:57,2023-03-27 23:55:26
44901,Leena Mani,ucchalkant907@hotmail.com,7475835336,GMail_Account,Female,1988-10-05,,4.6,"{""FoodPreference"": ""Eggetarian"", ""CuisineTypes"": [""Japanese"", ""Mexican"", ""Italian"", ""Thai""]}",2025-03-12 04:40:20,2025-04-07 03:40:12
67386,Girik Sarna,giriksarna852@outlook.com,8926792116,GMail_Account,Male,1966-12-05,1987-11-30,5.0,"{""FoodPreference"": ""Non-Veg"", ""CuisineTypes"": [""Chinese"", ""Mediterranean""]}",2023-01-15 01:14:50,2024-01-13 01:58:35
91112,Tejas Deol,nihalchana787@gmail.com,9516809533,Other_EMail,Male,1978-12-20,,4.0,"{""FoodPreference"": ""Non-Veg"", ""CuisineTypes"": [""Japanese""]}",2025-03-21 05:19:19,2025-03-30 05:21:33
91367,Unni Thakur,unnithakur957@hotmail.com,7065085107,Other_EMail,Female,1989-12-10,2017-12-03,4.8,"{""FoodPreference"": ""Veg"", ""CuisineTypes"": [""Japanese"", ""Italian"", ""South Indian""]}",2024-01-05 14:59:12,2025-01-09 18:49:00
46747,Orinder Keer,orinderkeer344@hotmail.com,9734260210,GMail_Account,Male,1998-04-05,2018-03-31,4.9,"{""FoodPreference"": ""Veg"", ""CuisineTypes"": [""Chinese"", ""Italian"", ""Japanese""]}",2021-08-11 22:15:29,2024-05-01 20:17:23
1044,Amara Sodhi,meerapurohit360@outlook.com,8180957938,Apple_ID,Female,1961-06-11,,3.1,"{""FoodPreference"": ""Vegan"", ""CuisineTypes"": [""Chinese"", ""Thai"", ""South Indian"", ""Mexican""]}",2024-12-16 15:12:27,2024-12-23 05:19:24
77244,Ishaan Chad,ishaanchad31@hotmail.com,9456782413,Other_EMail,Male,1973-09-14,1997-09-08,3.2,"{""FoodPreference"": ""Eggetarian"", ""CuisineTypes"": [""Thai""]}",2023-12-06 01:48:36,2025-04-09 02:41:47
46556,Wishi Vala,wishivala83@hotmail.com,8617059382,Other_EMail,Female,1971-04-24,2000-04-16,3.6,"{""FoodPreference"": ""Eggetarian"", ""CuisineTypes"": [""Thai"", ""South Indian"", ""Continental"", ""Street Food"", ""Mediterranean""]}",2021-11-10 13:57:43,2021-12-17 07:38:14
17002,Advik Devi,advikdevi494@hotmail.com,7577293776,Apple_ID,Male,1969-01-11,1988-01-07,3.6,"{""FoodPreference"": ""Veg"", ""CuisineTypes"": [""South Indian""]}",2021-03-24 13:25:08,2024-11-12 12:02:02
24533,Lekha Deo,lekhadeo311@gmail.com,9292151036,Other_EMail,Female,2009-07-21,,4.4,"{""FoodPreference"": ""Vegan"", ""CuisineTypes"": [""Mediterranean"", ""South Indian""]}",2023-09-27 09:11:03,2024-11-18 06:43:34
8374,Bakhshi Dutta,nathanzacharia556@outlook.com,9491158799,GMail_Account,Male,1961-08-28,1981-08-23,3.2,"{""FoodPreference"": ""Veg"", ""CuisineTypes"": [""Italian"", ""North Indian"", ""Street Food"", ""Chinese""]}",2022-02-02 09:17:52,2023-04-09 17:35:09
81460,Omkaar Kapur,omkaarkapur127@hotmail.com,7729648637,GMail_Account,Male,1992-04-17,2012-04-12,4.7,"{""FoodPreference"": ""Eggetarian"", ""CuisineTypes"": [""Chinese"", ""Continental"", ""Mediterranean"", ""Italian"", ""South Indian""]}",2020-06-30 16:05:40,2025-04-14 03:52:16
34378,Chandran Prabhakar,chandranprabhakar536@yahoo.com,9449966369,Other_EMail,Male,1999-10-06,,3.7,"{""FoodPreference"": ""Vegan"", ""CuisineTypes"": [""Street Food"", ""South Indian"", ""Japanese"", ""Italian"", ""Mexican""]}",2021-12-26 23:45:44,2023-07-28 11:11:59
3971,Yuvraj Badal,ryanram902@outlook.com,9282297206,Other_EMail,Male,1958-07-08,,3.7,"{""FoodPreference"": ""Non-Veg"", ""CuisineTypes"": [""North Indian""]}",2021-11-16 10:55:36,2024-08-13 21:53:19
47423,Ekaraj Chana,ekarajchana459@hotmail.com,8016324572,GMail_Account,Male,1956-04-20,1980-04-14,3.2,"{""FoodPreference"": ""Non-Veg"", ""CuisineTypes"": [""Thai""]}",2024-08-21 23:39:05,2024-09-04 04:18:05
41298,Tanay Yadav,tanayyadav807@gmail.com,9842708322,GMail_Account,Male,1984-03-30,,3.8,"{""FoodPreference"": ""Vegan"", ""CuisineTypes"": [""Street Food"", ""Chinese"", ""Thai""]}",2022-06-17 02:58:07,2022-11-12 04:06:11
79851,Reyansh Devi,reyanshdevi570@gmail.com,8276949644,Apple_ID,Male,1990-10-20,2017-10-13,4.4,"{""FoodPreference"": ""Vegan"", ""CuisineTypes"": [""Continental"", ""Mexican"", ""Italian""]}",2024-12-27 12:29:33,2024-12-31 04:06:55
58439,Rishi Chawla,rishichawla793@hotmail.com,7492365435,Other_EMail,Male,1962-05-29,1988-05-22,3.5,"{""FoodPreference"": ""Eggetarian"", ""CuisineTypes"": [""Mexican"", ""Chinese""]}",2022-03-29 08:07:19,2024-07-23 02:46:35
40832,Benjamin Dugar,benjamindugar563@outlook.com,9164100499,Other_EMail,Male,2000-06-17,2023-06-12,3.2,"{""FoodPreference"": ""Non-Veg"", ""CuisineTypes"": [""Mexican"", ""Mediterranean""]}",2024-08-20 04:41:36,2024-12-11 22:14:18
46218,Ekapad Uppal,ekapaduppal570@outlook.com,8803340473,Other_EMail,Male,1966-07-20,1996-07-12,3.1,"{""FoodPreference"": ""Veg"", ""CuisineTypes"": [""Mediterranean"", ""Continental"", ""Chinese""]}",2023-08-13 17:36:13,2024-07-08 21:03:07
17880,Nihal Narula,nihalnarula356@outlook.com,7487854253,GMail_Account,Male,1983-09-13,,4.8,"{""FoodPreference"": ""Non-Veg"", ""CuisineTypes"": [""North Indian"", ""Street Food"", ""South Indian"", ""Thai""]}",2020-07-20 10:09:07,2023-01-22 07:43:14
77333,Praneel Ahuja,praneelahuja328@hotmail.com,7482951511,Apple_ID,Male,1994-07-21,2024-07-13,4.3,"{""FoodPreference"": ""Non-Veg"", ""CuisineTypes"": [""South Indian"", ""Chinese"", ""Mediterranean"", ""Japanese"", ""Italian""]}",2024-11-13 02:43:48,2025-04-05 01:55:02
41701,Liam Karan,liamkaran199@yahoo.com,9262120327,GMail_Account,Male,2004-04-10,,4.7,"{""FoodPreference"": ""Non-Veg"", ""CuisineTypes"": [""Continental"", ""Street Food"", ""South Indian""]}",2023-07-23 09:46:21,2023-09-01 19:12:58
11811,Rachita Mittal,raaginilall10@gmail.com,8844386753,GMail_Account,Female,1974-08-14,1997-08-08,4.9,"{""FoodPreference"": ""Vegan"", ""CuisineTypes"": [""Mexican"", ""South Indian""]}",2020-12-26 21:33:52,2022-08-27 10:37:48
39488,Fiyaz Johal,fiyazjohal598@gmail.com,8804427217,Other_EMail,Male,2001-03-24,2023-03-19,3.5,"{""FoodPreference"": ""Eggetarian"", ""CuisineTypes"": [""Japanese""]}",2024-12-05 17:55:41,2025-02-21 05:40:27
34902,Zilmil Dani,zilmildani500@gmail.com,7808757877,Other_EMail,Female,2003-10-05,,3.2,"{""FoodPreference"": ""Veg"", ""CuisineTypes"": [""Mediterranean""]}",2021-11-21 11:21:53,2023-03-28 10:00:42
2552,Aishani Kala,aishanikala395@yahoo.com,7991613744,GMail_Account,Female,1961-06-09,1981-06-04,3.2,"{""FoodPreference"": ""Veg"", ""CuisineTypes"": [""Chinese"", ""North Indian"", ""Thai"", ""Continental"", ""Street Food""]}",2022-03-25 11:08:58,2023-04-26 20:27:58
43515,Chandran Konda,orindergour337@yahoo.com,7295758806,Apple_ID,Male,1998-02-15,2020-02-10,3.2,"{""FoodPreference"": ""Non-Veg"", ""CuisineTypes"": [""Chinese"", ""North Indian"", ""Street Food"", ""Thai""]}",2021-06-21 22:15:26,2024-03-29 08:41:23
2504,Anita Shukla,unnaticheema305@outlook.com,9653054446,Apple_ID,Female,2001-07-20,,3.1,"{""FoodPreference"": ""Veg"", ""CuisineTypes"": [""Mexican"", ""Chinese"", ""Italian""]}",2025-01-09 10:05:39,2025-04-05 07:38:00
50034,Nachiket Dalal,jaigoswami504@hotmail.com,8834522026,Other_EMail,Male,1967-01-04,,3.4,"{""FoodPreference"": ""Eggetarian"", ""CuisineTypes"": [""Street Food"", ""Mediterranean""]}",2023-09-14 09:40:26,2025-01-07 15:16:50
96869,Bhavani Dhar,bhavanidhar587@gmail.com,7848792823,GMail_Account,Female,1958-10-03,1977-09-28,3.7,"{""FoodPreference"": ""Eggetarian"", ""CuisineTypes"": [""Chinese""]}",2022-02-11 07:19:13,2022-08-21 06:16:59
71939,Simon Chaudhari,simonchaudhari507@outlook.com,7178079282,GMail_Account,Male,1964-04-13,,4.5,"{""FoodPreference"": ""Vegan"", ""CuisineTypes"": [""Mexican""]}",2023-04-13 05:49:33,2024-03-02 06:27:52
77236,Chatresh Kala,chatreshkala883@outlook.com,9083637284,Other_EMail,Male,1962-03-26,,3.5,"{""FoodPreference"": ""Veg"", ""CuisineTypes"": [""Italian"", ""Thai""]}",2020-07-01 18:04:12,2023-07-03 22:22:56
79273,Darpan Wagle,darpanwagle265@hotmail.com,9401589869,GMail_Account,Male,1963-01-02,1982-12-28,3.4,"{""FoodPreference"": ""Veg"", ""CuisineTypes"": [""Japanese"", ""Continental""]}",2020-08-10 22:05:53,2020-09-26 03:53:43
24445,Isaac Chauhan,isaacchauhan90@yahoo.com,9179684606,Other_EMail,Male,1976-06-27,2004-06-20,3.8,"{""FoodPreference"": ""Non-Veg"", ""CuisineTypes"": [""Japanese"", ""Mediterranean"", ""Mexican"", ""North Indian"", ""Continental""]}",2020-05-15 15:24:52,2021-09-19 13:24:52
21977,Vanya Kohli,vanyakohli912@yahoo.com,8151398224,GMail_Account,Female,1994-03-13,,4.9,"{""FoodPreference"": ""Vegan"", ""CuisineTypes"": [""Continental""]}",2023-04-14 18:41:04,2024-03-02 23:10:51
95903,Megha Deep,meghadeep471@outlook.com,7351056262,Apple_ID,Female,1952-12-06,,3.1,"{""FoodPreference"": ""Non-Veg"", ""CuisineTypes"": [""Japanese""]}",2023-02-07 04:18:33,2023-06-01 10:35:39
48436,Jagdish Wason,jagdishwason717@hotmail.com,8130662686,Apple_ID,Male,2002-05-14,,4.2,"{""FoodPreference"": ""Vegan"", ""CuisineTypes"": [""Mediterranean""]}",2025-04-25 16:37:05,2025-04-25 21:44:26
91702,Utkarsh Kari,utkarshkari28@yahoo.com,9620877876,Other_EMail,Male,1993-02-09,,3.7,"{""FoodPreference"": ""Veg"", ""CuisineTypes"": [""Italian"", ""Japanese"", ""Mediterranean""]}",2023-11-09 18:48:33,2024-02-26 06:53:06
62306,Chaaya Raval,chaayaraval935@hotmail.com,8297777350,Other_EMail,Female,1981-05-21,,3.2,"{""FoodPreference"": ""Vegan"", ""CuisineTypes"": [""Street Food""]}",2024-07-04 11:28:32,2024-09-03 06:55:59
36256,Jagvi Dhar,jagvidhar680@yahoo.com,8464932636,Other_EMail,Female,1966-05-04,1986-04-29,3.7,"{""FoodPreference"": ""Veg"", ""CuisineTypes"": [""Chinese"", ""Thai""]}",2025-03-11 06:09:15,2025-04-02 02:22:41
96213,Chasmum Dey,chasmumdey694@yahoo.com,7575414717,GMail_Account,Female,1991-04-12,2018-04-05,3.2,"{""FoodPreference"": ""Veg"", ""CuisineTypes"": [""Mexican"", ""Japanese"", ""South Indian"", ""Mediterranean"", ""North Indian""]}",2022-05-29 02:21:44,2023-10-01 01:11:28
22047,Rachana Jayaraman,rachanajayaraman878@yahoo.com,8856032867,GMail_Account,Female,2008-04-06,,3.8,"{""FoodPreference"": ""Vegan"", ""CuisineTypes"": [""North Indian"", ""Continental"", ""Thai""]}",2023-04-24 01:03:28,2023-07-17 05:48:59
54260,Nitesh Goel,niteshgoel893@yahoo.com,9129820504,GMail_Account,Male,1981-04-27,1999-04-23,4.1,"{""FoodPreference"": ""Non-Veg"", ""CuisineTypes"": [""Thai"", ""Chinese""]}",2024-05-14 09:32:12,2024-06-18 23:50:48
84239,Ekiya Amble,ekiyaamble635@hotmail.com,9159633836,Other_EMail,Female,1968-07-18,1989-07-13,3.1,"{""FoodPreference"": ""Eggetarian"", ""CuisineTypes"": [""Mediterranean""]}",2025-02-09 20:53:03,2025-03-29 06:50:18
8851,Kiaan Kurian,kiaankurian682@yahoo.com,9892343476,Apple_ID,Male,1971-03-31,1999-03-24,3.6,"{""FoodPreference"": ""Vegan"", ""CuisineTypes"": [""Mediterranean"", ""Mexican"", ""Chinese"", ""Continental""]}",2025-04-10 20:54:57,2025-04-30 18:06:38
12895,Max Chauhan,maxchauhan940@gmail.com,9479310889,Other_EMail,Male,1993-04-28,2021-04-21,4.8,"{""FoodPreference"": ""Vegan"", ""CuisineTypes"": [""South Indian""]}",2020-11-16 13:54:25,2025-02-17 03:21:49
27431,Watika Minhas,watikaminhas297@hotmail.com,9387678910,GMail_Account,Female,1971-01-05,,4.9,"{""FoodPreference"": ""Eggetarian"", ""CuisineTypes"": [""Continental"", ""Japanese"", ""Chinese"", ""South Indian"", ""Thai""]}",2021-11-29 01:50:04,2022-05-27 22:01:58
76562,Aishani Agarwal,aashidutt903@gmail.com,7269231937,Other_EMail,Female,1976-11-08,2006-11-01,3.1,"{""FoodPreference"": ""Veg"", ""CuisineTypes"": [""Chinese"", ""Thai"", ""Continental""]}",2022-12-01 15:17:43,2023-01-18 09:38:53
8306,Mitesh Tripathi,miteshtripathi25@outlook.com,8030140589,GMail_Account,Male,2001-09-08,,4.8,"{""FoodPreference"": ""Vegan"", ""CuisineTypes"": [""Street Food"", ""Thai"", ""Japanese"", ""Chinese"", ""Italian""]}",2022-08-18 04:22:04,2023-08-11 19:35:41
62350,Yashvi Madan,yashvimadan168@hotmail.com,8957818277,GMail_Account,Female,1995-05-01,2024-04-23,4.3,"{""FoodPreference"": ""Veg"", ""CuisineTypes"": [""Mexican""]}",2022-05-05 14:20:52,2024-12-01 00:48:55
22359,David Lad,davidlad126@yahoo.com,9344773079,GMail_Account,Male,1997-02-16,2020-02-11,4.8,"{""FoodPreference"": ""Non-Veg"", ""CuisineTypes"": [""Japanese"", ""Street Food"", ""Thai"", ""Chinese"", ""Italian""]}",2020-11-06 15:54:42,2023-02-24 07:40:41
82022,Yash Dhillon,yashdhillon129@gmail.com,8406707215,Apple_ID,Male,1992-12-30,2010-12-26,3.6,"{""FoodPreference"": ""Veg"", ""CuisineTypes"": [""Chinese""]}",2023-03-23 18:28:14,2024-01-27 11:22:03
22202,Yashasvi Lata,eeshaupadhyay534@outlook.com,7737458201,GMail_Account,Female,1985-02-16,2007-02-11,5.0,"{""FoodPreference"": ""Eggetarian"", ""CuisineTypes"": [""North Indian"", ""Continental"", ""Mexican"", ""Japanese"", ""South Indian""]}",2024-03-23 14:14:51,2025-03-10 09:10:26
37957,Manthan Issac,manthanissac647@yahoo.com,9475003993,GMail_Account,Male,1950-05-17,1969-05-12,4.8,"{""FoodPreference"": ""Non-Veg"", ""CuisineTypes"": [""Chinese"", ""Mexican"", ""Japanese"", ""Continental""]}",2023-10-09 13:25:47,2024-03-14 05:27:29
87374,Veer Oza,veeroza723@gmail.com,8042296035,Other_EMail,Male,1973-03-21,,5.0,"{""FoodPreference"": ""Vegan"", ""CuisineTypes"": [""North Indian"", ""South Indian"", ""Chinese"", ""Thai"", ""Mediterranean""]}",2024-01-28 16:28:49,2025-05-01 03:23:44
8051,Nakul Kannan,nakulkannan924@hotmail.com,9364594421,Apple_ID,Male,1950-05-25,1972-05-19,4.9,"{""FoodPreference"": ""Eggetarian"", ""CuisineTypes"": [""Mediterranean"", ""Continental"", ""Street Food"", ""Mexican""]}",2024-09-26 15:14:08,2025-04-15 12:18:01
77621,Matthew Shetty,qadimsur174@hotmail.com,9995288331,Other_EMail,Male,1996-01-30,2018-01-24,4.2,"{""FoodPreference"": ""Veg"", ""CuisineTypes"": [""Italian"", ""South Indian""]}",2021-10-01 22:24:17,2023-10-30 06:45:59
50914,Wishi Handa,wishihanda570@gmail.com,9563109316,Apple_ID,Female,1957-05-23,1984-05-16,4.7,"{""FoodPreference"": ""Eggetarian"", ""CuisineTypes"": [""Thai"", ""Continental"", ""Mediterranean"", ""Italian"", ""North Indian""]}",2021-12-16 02:43:39,2023-06-20 22:15:54
82038,Nathan Seshadri,nathanseshadri30@hotmail.com,9054396947,Other_EMail,Male,2008-11-20,,3.0,"{""FoodPreference"": ""Non-Veg"", ""CuisineTypes"": [""Street Food"", ""Mediterranean"", ""Mexican"", ""Japanese"", ""Italian""]}",2022-07-10 04:43:25,2024-06-10 22:10:48
67560,Kalpit Nanda,kalpitnanda983@hotmail.com,7683359923,GMail_Account,Male,2009-11-08,,4.9,"{""FoodPreference"": ""Eggetarian"", ""CuisineTypes"": [""South Indian"", ""Continental""]}",2021-07-18 05:00:16,2023-08-06 15:36:30
87002,Balveer Kara,nihalmore173@outlook.com,9329920454,Other_EMail,Male,1983-07-19,2009-07-12,3.0,"{""FoodPreference"": ""Veg"", ""CuisineTypes"": [""Mexican"", ""Japanese"", ""North Indian"", ""South Indian"", ""Street Food""]}",2024-04-27 18:30:30,2024-09-15 01:58:32
18021,Vamakshi Samra,vamakshisamra387@hotmail.com,7464127494,Other_EMail,Female,1964-10-13,1984-10-08,4.7,"{""FoodPreference"": ""Eggetarian"", ""CuisineTypes"": [""Japanese"", ""North Indian""]}",2024-07-18 03:01:21,2024-09-13 13:34:15
76798,Laksh Oommen,lakshoommen447@yahoo.com,9491712306,GMail_Account,Male,2002-01-04,2023-12-30,4.8,"{""FoodPreference"": ""Non-Veg"", ""CuisineTypes"": [""Italian"", ""Chinese"", ""Thai"", ""Mediterranean"", ""Mexican""]}",2020-09-15 14:01:21,2020-12-16 02:37:19
92379,Priya Randhawa,priyarandhawa263@outlook.com,8989737734,Apple_ID,Female,1985-08-25,2012-08-18,4.3,"{""FoodPreference"": ""Veg"", ""CuisineTypes"": [""Street Food"", ""Chinese"", ""Mexican""]}",2020-07-10 09:52:48,2023-07-12 20:27:12
72202,Charvi Pai,charvipai931@outlook.com,7380988674,GMail_Account,Female,1975-05-17,1999-05-11,3.2,"{""FoodPreference"": ""Vegan"", ""CuisineTypes"": [""South Indian"", ""Mexican"", ""Mediterranean""]}",2021-12-07 07:40:06,2023-10-03 09:58:28
93083,Kavya Luthra,pahalkunda582@gmail.com,8509844660,Other_EMail,Female,2010-03-24,,4.3,"{""FoodPreference"": ""Vegan"", ""CuisineTypes"": [""South Indian"", ""Mediterranean""]}",2021-06-09 11:16:43,2022-06-21 09:45:14
76143,Kamala Varughese,kamalavarughese780@hotmail.com,9556630230,GMail_Account,Other,1976-02-15,1997-02-09,4.3,"{""FoodPreference"": ""Veg"", ""CuisineTypes"": [""Mexican"", ""North Indian"", ""Italian""]}",2024-04-19 16:07:40,2025-04-10 23:46:51
3845,Kashvi Thakkar,kashvithakkar536@hotmail.com,8800450381,GMail_Account,Female,1994-04-21,2014-04-16,4.7,"{""FoodPreference"": ""Veg"", ""CuisineTypes"": [""Continental"", ""Japanese"", ""Mediterranean"", ""Street Food""]}",2024-06-16 18:28:28,2024-12-02 02:54:57
10586,Warda Gandhi,wardagandhi413@outlook.com,7824458609,GMail_Account,Other,1964-05-22,1983-05-18,4.0,"{""FoodPreference"": ""Vegan"", ""CuisineTypes"": [""Chinese"", ""Continental""]}",2020-12-29 00:17:01,2022-12-29 05:15:51
16511,Hemang Nagar,hemangnagar28@outlook.com,9355158969,Apple_ID,Male,1953-03-18,1973-03-13,3.8,"{""FoodPreference"": ""Veg"", ""CuisineTypes"": [""Mexican"", ""North Indian"", ""Chinese""]}",2024-03-17 06:58:40,2025-04-23 08:23:27
42274,Darpan Thakkar,calebramanathan801@gmail.com,9341553293,GMail_Account,Male,1968-02-19,,4.0,"{""FoodPreference"": ""Non-Veg"", ""CuisineTypes"": [""Street Food""]}",2020-05-30 23:39:56,2021-08-21 02:43:32
14428,Ikbal Pingle,ikbalpingle792@hotmail.com,7878735749,Other_EMail,Male,2001-06-20,2024-06-14,3.7,"{""FoodPreference"": ""Vegan"", ""CuisineTypes"": [""Mediterranean""]}",2024-09-17 21:03:53,2024-12-22 04:46:38
27327,Ishita Sankar,ishitasankar195@yahoo.com,7702971561,GMail_Account,Female,2000-06-06,,3.1,"{""FoodPreference"": ""Eggetarian"", ""CuisineTypes"": [""Street Food"", ""Mediterranean""]}",2022-07-20 04:21:26,2024-02-13 04:57:51
63739,Nitara Sangha,nitarasangha881@hotmail.com,8269450214,Other_EMail,Female,1961-08-16,1984-08-10,4.1,"{""FoodPreference"": ""Veg"", ""CuisineTypes"": [""Chinese"", ""Continental"", ""South Indian"", ""Mediterranean""]}",2023-06-17 14:00:29,2025-03-13 00:17:20
20674,Siddharth Barman,siddharthbarman740@yahoo.com,8202906026,Other_EMail,Male,1950-10-24,,3.2,"{""FoodPreference"": ""Veg"", ""CuisineTypes"": [""Street Food"", ""North Indian"", ""Chinese"", ""South Indian""]}",2025-03-15 21:54:29,2025-04-06 13:17:47
68686,Alka Panchal,alkapanchal994@gmail.com,8883032013,Other_EMail,Female,1988-07-22,2018-07-15,4.0,"{""FoodPreference"": ""Vegan"", ""CuisineTypes"": [""Chinese"", ""Thai""]}",2021-06-19 10:17:19,2023-12-31 12:07:43
21245,Rishi Kala,balveervenkatesh191@hotmail.com,8027451575,Other_EMail,Male,1995-10-25,2019-10-19,4.3,"{""FoodPreference"": ""Eggetarian"", ""CuisineTypes"": [""Japanese"", ""Continental"", ""Thai"", ""Mexican"", ""Italian""]}",2021-09-04 17:26:08,2024-06-28 16:34:22
17408,Onveer Cheema,zayyanoak391@hotmail.com,8735278771,Apple_ID,Male,1955-09-25,1974-09-20,3.0,"{""FoodPreference"": ""Veg"", ""CuisineTypes"": [""Chinese"", ""South Indian""]}",2021-04-23 17:37:15,2021-04-24 05:05:49
19323,Jasmit Sarraf,jasmitsarraf582@yahoo.com,8819274605,Apple_ID,Female,1979-05-19,1999-05-14,3.6,"{""FoodPreference"": ""Veg"", ""CuisineTypes"": [""South Indian"", ""Continental"", ""Thai"", ""North Indian"", ""Street Food""]}",2024-04-18 14:27:47,2025-01-20 07:17:17
4447,Tanvi Patla,neelimagolla971@outlook.com,8069358158,GMail_Account,Female,1950-07-11,,4.0,"{""FoodPreference"": ""Veg"", ""CuisineTypes"": [""North Indian"", ""South Indian"", ""Street Food""]}",2021-06-27 22:11:00,2023-01-13 18:15:11
50360,Jagvi Munshi,jagvimunshi295@outlook.com,9776280417,Apple_ID,Female,1992-07-15,2019-07-09,5.0,"{""FoodPreference"": ""Eggetarian"", ""CuisineTypes"": [""Continental""]}",2021-12-30 19:10:07,2024-11-24 14:51:47
99159,Aditya Basak,adityabasak88@yahoo.com,7882808614,Other_EMail,Male,1983-02-13,2008-02-07,3.9,"{""FoodPreference"": ""Veg"", ""CuisineTypes"": [""Street Food"", ""Mediterranean"", ""North Indian"", ""Mexican"", ""South Indian""]}",2024-05-15 03:53:48,2024-11-17 16:26:49
52441,Vinaya Kapur,vinayakapur929@hotmail.com,9639599769,Apple_ID,Female,1992-05-24,2011-05-20,3.8,"{""FoodPreference"": ""Veg"", ""CuisineTypes"": [""North Indian"", ""Japanese""]}",2023-11-08 23:48:17,2024-08-01 02:25:00
35133,Lopa Parmer,nandinijaggi95@yahoo.com,7908330918,GMail_Account,Female,2000-09-12,,4.4,"{""FoodPreference"": ""Non-Veg"", ""CuisineTypes"": [""Mediterranean""]}",2025-04-07 01:26:12,2025-04-30 11:26:14
78802,Nisha Rajan,nisharajan275@gmail.com,9094311340,Other_EMail,Female,1949-05-14,1967-05-10,4.8,"{""FoodPreference"": ""Vegan"", ""CuisineTypes"": [""Japanese"", ""North Indian""]}",2021-08-26 09:00:57,2021-11-01 01:23:33
5009,Yagnesh Patla,yagneshpatla205@hotmail.com,7492507990,Other_EMail,Other,1955-05-21,1981-05-14,4.2,"{""FoodPreference"": ""Eggetarian"", ""CuisineTypes"": [""Continental"", ""Mexican""]}",2020-09-28 12:36:19,2025-03-14 23:39:52
16068,Chanakya Purohit,chanakyapurohit699@yahoo.com,8682599631,Apple_ID,Male,1956-10-04,,4.6,"{""FoodPreference"": ""Vegan"", ""CuisineTypes"": [""Chinese"", ""Mediterranean"", ""Italian"", ""Continental""]}",2024-10-21 22:05:07,2024-11-27 06:18:56
8821,Lila Saha,lilasaha349@outlook.com,9191725408,Other_EMail,Female,1990-12-02,2011-11-27,3.2,"{""FoodPreference"": ""Non-Veg"", ""CuisineTypes"": [""Italian"", ""Street Food"", ""South Indian""]}",2021-12-04 15:58:22,2023-02-11 11:57:26
50587,Rachana Shroff,rachanashroff274@gmail.com,8259598118,GMail_Account,Female,1992-10-29,,4.5,"{""FoodPreference"": ""Eggetarian"", ""CuisineTypes"": [""Street Food"", ""Mediterranean"", ""Chinese""]}",2020-05-26 17:48:55,2024-05-25 22:53:41
76987,Qarin Varghese,qarinvarghese779@hotmail.com,8602135892,Apple_ID,Male,1952-12-03,1981-11-26,3.5,"{""FoodPreference"": ""Vegan"", ""CuisineTypes"": [""Mediterranean"", ""Italian"", ""South Indian""]}",2024-05-12 10:33:28,2025-04-14 08:49:22
91081,Libni Bedi,libnibedi632@hotmail.com,9086771834,GMail_Account,Female,1962-06-08,,3.0,"{""FoodPreference"": ""Eggetarian"", ""CuisineTypes"": [""Street Food""]}",2025-04-04 00:10:21,2025-04-28 20:07:50
32302,Janya Shukla,vamakshisachdev985@hotmail.com,9675748147,GMail_Account,Female,2002-11-22,,4.8,"{""FoodPreference"": ""Vegan"", ""CuisineTypes"": [""Mediterranean""]}",2022-10-10 01:48:04,2023-02-12 07:35:24
96574,Prisha Bali,prishabali842@gmail.com,8341028622,GMail_Account,Female,1955-12-22,,4.3,"{""FoodPreference"": ""Veg"", ""CuisineTypes"": [""Italian"", ""Street Food"", ""Japanese"", ""Chinese"", ""Mediterranean""]}",2020-05-03 04:26:36,2020-09-09 15:45:16
37599,Harish Bera,harishbera7@hotmail.com,7824725281,Other_EMail,Male,1994-12-21,2015-12-16,4.2,"{""FoodPreference"": ""Vegan"", ""CuisineTypes"": [""Continental""]}",2024-11-26 21:07:16,2024-12-13 14:48:49
69888,Chandresh Desai,chandreshdesai360@gmail.com,9533439532,GMail_Account,Male,1992-12-13,,4.9,"{""FoodPreference"": ""Veg"", ""CuisineTypes"": [""South Indian"", ""Japanese"", ""Italian""]}",2021-07-20 23:10:39,2024-03-08 02:54:59
39490,Hardik Suri,qadimsampath195@outlook.com,8864611829,Other_EMail,Male,1980-01-17,2008-01-10,3.3,"{""FoodPreference"": ""Vegan"", ""CuisineTypes"": [""Chinese""]}",2021-02-23 19:23:24,2024-08-23 03:10:36
29159,Yug Chand,yugchand193@hotmail.com,9631234744,Apple_ID,Male,1985-11-25,2008-11-19,4.1,"{""FoodPreference"": ""Vegan"", ""CuisineTypes"": [""South Indian"", ""Japanese""]}",2022-11-16 12:25:27,2024-01-03 11:56:27
9535,Anmol Chada,yatinhora784@gmail.com,9746834041,GMail_Account,Male,1970-03-20,1996-03-13,4.2,"{""FoodPreference"": ""Veg"", ""CuisineTypes"": [""Japanese"", ""Street Food""]}",2022-09-30 02:33:34,2024-05-17 06:35:17
20968,Geetika Suresh,geetikasuresh702@hotmail.com,7412438971,GMail_Account,Female,1969-04-15,1995-04-09,4.4,"{""FoodPreference"": ""Non-Veg"", ""CuisineTypes"": [""Continental"", ""Chinese""]}",2025-03-05 04:56:07,2025-04-12 00:51:30
95474,Sachi Pai,sachipai666@yahoo.com,9253295930,Apple_ID,Female,1953-03-12,1983-03-05,3.8,"{""FoodPreference"": ""Vegan"", ""CuisineTypes"": [""Street Food"", ""Chinese"", ""Continental"", ""Japanese"", ""Italian""]}",2023-07-19 09:17:22,2023-11-23 08:41:17
75997,Harita Pandya,sanyaratti220@hotmail.com,9372726326,Apple_ID,Female,1980-04-07,2005-04-01,3.1,"{""FoodPreference"": ""Veg"", ""CuisineTypes"": [""Continental"", ""Chinese"", ""Mediterranean"", ""Italian"", ""Thai""]}",2021-07-06 10:30:30,2021-11-24 05:18:31
72775,Warda Baria,wardabaria470@outlook.com,7327591256,GMail_Account,Female,1967-08-10,1994-08-03,4.9,"{""FoodPreference"": ""Vegan"", ""CuisineTypes"": [""Thai""]}",2022-02-01 03:17:57,2023-05-28 03:16:06
81969,Harrison Raghavan,harrisonraghavan564@yahoo.com,7913302600,GMail_Account,Male,1976-09-10,2001-09-04,3.7,"{""FoodPreference"": ""Vegan"", ""CuisineTypes"": [""North Indian"", ""Thai"", ""Continental""]}",2021-12-10 08:13:23,2024-07-15 03:34:55
30991,Frederick Kata,saihora826@hotmail.com,8324521093,Other_EMail,Male,1995-09-17,,4.6,"{""FoodPreference"": ""Non-Veg"", ""CuisineTypes"": [""Mediterranean""]}",2023-06-23 18:00:00,2025-04-21 02:22:46
90463,Victor Karnik,victorkarnik835@hotmail.com,7454345237,Other_EMail,Male,1966-01-24,1989-01-18,4.7,"{""FoodPreference"": ""Non-Veg"", ""CuisineTypes"": [""Chinese"", ""South Indian"", ""Street Food""]}",2024-01-05 16:13:05,2024-09-16 00:57:36
88054,Rajata Pathak,rajatapathak775@outlook.com,9413840236,Other_EMail,Female,1996-12-17,,4.8,"{""FoodPreference"": ""Vegan"", ""CuisineTypes"": [""Thai""]}",2021-10-30 20:28:22,2022-07-26 22:04:50
73102,Sachi Mani,sachimani182@hotmail.com,8561627321,GMail_Account,Female,1992-01-03,2020-12-26,4.9,"{""FoodPreference"": ""Vegan"", ""CuisineTypes"": [""Mexican"", ""Continental"", ""Chinese"", ""South Indian"", ""Italian""]}",2020-10-17 02:55:30,2022-04-04 04:44:59
90882,Xalak Varkey,xalakvarkey255@outlook.com,9895126703,GMail_Account,Female,2008-04-28,,3.8,"{""FoodPreference"": ""Eggetarian"", ""CuisineTypes"": [""Continental"", ""Thai"", ""Mediterranean"", ""Mexican""]}",2023-02-08 23:41:11,2024-05-30 21:38:57
39200,Jonathan Subramaniam,jonathansubramaniam310@gmail.com,9088140399,GMail_Account,Male,1973-05-14,2000-05-07,5.0,"{""FoodPreference"": ""Non-Veg"", ""CuisineTypes"": [""Italian"", ""Street Food""]}",2025-04-29 13:57:12,2025-04-29 23:29:39
15782,Devansh Banerjee,luckysur34@outlook.com,7128699022,GMail_Account,Male,1952-10-12,1981-10-05,3.2,"{""FoodPreference"": ""Eggetarian"", ""CuisineTypes"": [""Japanese"", ""Mediterranean""]}",2024-03-22 18:23:50,2025-04-26 17:28:40
67178,Shravya Nadig,shravyanadig853@gmail.com,9977224541,Other_EMail,Female,1958-07-29,1977-07-24,4.3,"{""FoodPreference"": ""Non-Veg"", ""CuisineTypes"": [""Mexican""]}",2023-10-10 20:09:55,2024-12-05 07:49:55
29639,Daniel Sheth,danielsheth899@hotmail.com,7364679206,Apple_ID,Male,2004-06-09,,4.2,"{""FoodPreference"": ""Non-Veg"", ""CuisineTypes"": [""Italian"", ""Street Food""]}",2022-06-28 14:03:06,2025-01-14 12:21:25
75290,Upma Subramanian,upmasubramanian606@outlook.com,8382996794,Apple_ID,Female,1983-02-01,2005-01-26,4.2,"{""FoodPreference"": ""Vegan"", ""CuisineTypes"": [""Mexican"", ""Italian"", ""Japanese""]}",2022-11-18 08:05:02,2025-01-24 03:17:48
54535,Frederick Tella,fredericktella408@hotmail.com,9763598526,Apple_ID,Male,1985-09-08,,4.6,"{""FoodPreference"": ""Vegan"", ""CuisineTypes"": [""Italian"", ""Continental"", ""Mediterranean"", ""Mexican"", ""Japanese""]}",2022-10-18 13:11:16,2023-02-22 08:49:40
66814,Harsh Ram,harshram515@outlook.com,8920587048,GMail_Account,Male,2007-10-15,,3.2,"{""FoodPreference"": ""Veg"", ""CuisineTypes"": [""Chinese""]}",2022-06-04 15:23:51,2023-05-25 15:36:13
91971,Omkaar Kuruvilla,farislata231@hotmail.com,8276839314,GMail_Account,Male,1991-01-23,,3.5,"{""FoodPreference"": ""Eggetarian"", ""CuisineTypes"": [""Chinese"", ""Continental"", ""Italian""]}",2020-05-23 06:07:36,2023-07-31 22:27:51
69582,Isha Parikh,ishaparikh273@outlook.com,9238558286,Apple_ID,Female,2000-12-04,,3.7,"{""FoodPreference"": ""Veg"", ""CuisineTypes"": [""Street Food"", ""North Indian"", ""Italian"", ""Japanese"", ""Continental""]}",2021-01-03 23:48:52,2023-04-29 06:10:48
65227,Aadi Nagarajan,aadinagarajan531@yahoo.com,7323590918,Apple_ID,Male,1954-09-27,1972-09-22,3.9,"{""FoodPreference"": ""Non-Veg"", ""CuisineTypes"": [""Chinese""]}",2024-01-26 00:42:28,2024-02-17 02:13:58
27847,Oviya Pandya,oviyapandya969@hotmail.com,9692647871,GMail_Account,Female,1972-05-14,1991-05-10,4.5,"{""FoodPreference"": ""Vegan"", ""CuisineTypes"": [""Mexican""]}",2021-06-17 07:33:56,2022-06-09 14:38:57
37107,Zaid Dhawan,zaiddhawan375@hotmail.com,8115447443,Other_EMail,Male,1969-09-16,1992-09-10,4.6,"{""FoodPreference"": ""Veg"", ""CuisineTypes"": [""Italian"", ""South Indian"", ""Street Food"", ""Continental""]}",2022-01-29 20:23:24,2025-02-02 00:08:46
56353,Joshua Ramanathan,joshuaramanathan457@gmail.com,9296037652,Apple_ID,Male,1987-01-14,2009-01-08,3.4,"{""FoodPreference"": ""Vegan"", ""CuisineTypes"": [""Continental""]}",2021-07-10 06:11:01,2024-03-12 09:45:13
16045,Netra Deo,netradeo134@gmail.com,8408919716,GMail_Account,Female,1969-10-29,,4.3,"{""FoodPreference"": ""Veg"", ""CuisineTypes"": [""Chinese"", ""Italian"", ""Mexican"", ""North Indian"", ""Mediterranean""]}",2023-10-11 09:13:32,2024-03-21 09:48:01
20319,Zarna Nath,zarnanath613@gmail.com,7841126031,GMail_Account,Female,1978-01-13,2002-01-07,4.4,"{""FoodPreference"": ""Non-Veg"", ""CuisineTypes"": [""Thai"", ""Mexican""]}",2022-01-18 21:24:15,2022-02-23 21:22:49
91177,Teerth Kari,teerthkari278@yahoo.com,9541001773,GMail_Account,Male,1991-11-02,2021-10-25,3.2,"{""FoodPreference"": ""Veg"", ""CuisineTypes"": [""North Indian""]}",2022-08-21 03:06:32,2024-10-07 07:41:12
57566,Janani Borra,jananiborra743@hotmail.com,8862933283,GMail_Account,Female,1959-12-27,1986-12-20,3.8,"{""FoodPreference"": ""Non-Veg"", ""CuisineTypes"": [""North Indian"", ""Street Food"", ""Italian"", ""South Indian""]}",2021-05-30 21:08:50,2024-10-22 21:23:50
6812,Nathan Bains,nathanbains869@yahoo.com,7446950887,GMail_Account,Male,2010-03-16,,4.6,"{""FoodPreference"": ""Eggetarian"", ""CuisineTypes"": [""Street Food"", ""Thai""]}",2021-03-24 23:00:37,2021-11-04 13:08:27
40676,Vincent Mangal,vincentmangal655@outlook.com,8086894500,Other_EMail,Male,1970-12-30,1996-12-23,4.6,"{""FoodPreference"": ""Vegan"", ""CuisineTypes"": [""Mexican"", ""South Indian"", ""Japanese""]}",2020-08-10 10:41:12,2025-03-09 20:08:39
11680,Yashawini Behl,yashawinibehl410@gmail.com,9741251493,Other_EMail,Female,1963-09-01,1992-08-24,4.0,"{""FoodPreference"": ""Non-Veg"", ""CuisineTypes"": [""Italian"", ""Thai"", ""Japanese"", ""Street Food""]}",2021-10-08 09:29:17,2023-10-07 15:31:53
37907,Sarthak Doctor,liamdesai898@hotmail.com,9285441049,GMail_Account,Male,1992-08-02,2020-07-26,4.8,"{""FoodPreference"": ""Eggetarian"", ""CuisineTypes"": [""Street Food"", ""Japanese"", ""Chinese"", ""South Indian""]}",2024-06-03 14:04:05,2024-06-10 06:04:59
12617,Vanya More,vanyamore459@outlook.com,8898251824,GMail_Account,Female,1986-06-16,2012-06-09,3.5,"{""FoodPreference"": ""Non-Veg"", ""CuisineTypes"": [""Mediterranean"", ""Chinese"", ""South Indian""]}",2021-03-30 03:39:47,2024-07-05 16:32:10
83733,Xalak Varghese,xalakvarghese13@yahoo.com,9371250100,Apple_ID,Female,2004-06-23,,4.9,"{""FoodPreference"": ""Eggetarian"", ""CuisineTypes"": [""Thai"", ""Chinese"", ""North Indian"", ""Mediterranean""]}",2023-01-21 00:24:11,2023-10-22 19:38:39
12908,Kai Baral,kaibaral954@yahoo.com,8667873662,Other_EMail,Male,1982-03-08,2001-03-03,3.5,"{""FoodPreference"": ""Non-Veg"", ""CuisineTypes"": [""Italian"", ""Mediterranean"", ""North Indian"", ""Chinese"", ""Mexican""]}",2023-08-25 23:25:31,2024-01-06 10:50:24
24498,Lopa Master,lopamaster927@outlook.com,9402088492,Apple_ID,Female,1991-01-05,2012-12-30,3.8,"{""FoodPreference"": ""Veg"", ""CuisineTypes"": [""North Indian"", ""Japanese"", ""Continental""]}",2021-06-30 15:17:24,2021-07-26 21:35:09
68466,Samesh Gokhale,sameshgokhale350@yahoo.com,8410156702,GMail_Account,Male,1970-11-12,,3.6,"{""FoodPreference"": ""Eggetarian"", ""CuisineTypes"": [""Japanese""]}",2022-12-09 01:16:51,2024-11-19 20:58:20
94225,Praneel Hora,praneelhora710@outlook.com,7505481075,Apple_ID,Other,1999-04-15,2023-04-09,3.6,"{""FoodPreference"": ""Eggetarian"", ""CuisineTypes"": [""Mexican"", ""Italian"", ""Japanese"", ""Mediterranean""]}",2023-05-06 03:05:35,2024-11-14 14:04:02
50665,Omisha Tandon,omishatandon305@gmail.com,7761836947,Apple_ID,Female,1964-01-27,,4.0,"{""FoodPreference"": ""Non-Veg"", ""CuisineTypes"": [""Mediterranean""]}",2021-09-11 20:32:51,2023-04-30 03:26:01
66441,Ishwar Tandon,ishwartandon356@gmail.com,7940570085,Other_EMail,Male,1976-08-17,2001-08-11,4.5,"{""FoodPreference"": ""Vegan"", ""CuisineTypes"": [""North Indian"", ""Italian"", ""Street Food"", ""Chinese""]}",2023-09-28 10:17:57,2023-12-02 15:51:18
54628,Samuel Sibal,samuelsibal378@yahoo.com,7254942004,Apple_ID,Male,2001-09-28,,4.1,"{""FoodPreference"": ""Eggetarian"", ""CuisineTypes"": [""Mediterranean"", ""Thai""]}",2024-07-14 01:59:25,2025-04-25 15:53:12
40645,Shivani Seth,shivaniseth649@outlook.com,9607868661,Other_EMail,Female,1959-05-29,1977-05-24,3.5,"{""FoodPreference"": ""Vegan"", ""CuisineTypes"": [""Japanese""]}",2023-09-14 06:09:37,2023-12-28 13:55:51
46708,Anthony Chokshi,anthonychokshi812@yahoo.com,7976556091,GMail_Account,Male,1978-01-25,1996-01-21,4.1,"{""FoodPreference"": ""Vegan"", ""CuisineTypes"": [""Chinese"", ""Mexican""]}",2025-04-10 20:34:53,2025-04-20 05:18:15
16155,Samaksh Chaudhuri,noahbhatia463@outlook.com,7560027648,Other_EMail,Male,2001-12-01,2023-11-26,4.6,"{""FoodPreference"": ""Non-Veg"", ""CuisineTypes"": [""Continental"", ""Mediterranean"", ""Japanese""]}",2023-10-30 02:00:06,2025-04-20 04:03:07
69492,Mason Uppal,onipatla67@yahoo.com,7633510784,Other_EMail,Other,1952-09-17,1973-09-12,3.4,"{""FoodPreference"": ""Eggetarian"", ""CuisineTypes"": [""Street Food"", ""Japanese""]}",2022-05-22 06:19:43,2024-07-19 02:47:55
48545,Faraj Vohra,aryanmunshi272@gmail.com,9640166439,GMail_Account,Male,1971-06-17,1993-06-11,3.8,"{""FoodPreference"": ""Eggetarian"", ""CuisineTypes"": [""North Indian"", ""Japanese"", ""Mediterranean"", ""South Indian"", ""Chinese""]}",2023-06-23 09:08:35,2024-11-02 09:01:11
371,Ekalinga Tank,ekalingatank689@gmail.com,7510201438,Other_EMail,Male,1974-07-27,,4.1,"{""FoodPreference"": ""Veg"", ""CuisineTypes"": [""Chinese"", ""North Indian"", ""Thai""]}",2020-09-25 06:05:54,2022-12-08 12:04:56
18024,Priya Rout,ekanirao23@outlook.com,8329631716,Other_EMail,Female,1950-05-06,1980-04-28,3.1,"{""FoodPreference"": ""Vegan"", ""CuisineTypes"": [""Chinese"", ""Mediterranean"", ""Italian"", ""Thai"", ""North Indian""]}",2021-12-19 14:31:58,2023-12-27 21:30:50
26661,Ekiya Palla,ekiyapalla45@gmail.com,8653885069,Other_EMail,Female,2001-10-05,2021-09-30,4.9,"{""FoodPreference"": ""Veg"", ""CuisineTypes"": [""Japanese"", ""Chinese""]}",2025-01-27 07:55:18,2025-01-31 01:54:23
25439,Bina Chacko,ladliray579@outlook.com,8173053544,Apple_ID,Female,1972-06-27,1997-06-21,3.6,"{""FoodPreference"": ""Veg"", ""CuisineTypes"": [""South Indian"", ""North Indian"", ""Mexican"", ""Thai"", ""Street Food""]}",2022-06-02 19:42:20,2024-07-08 13:53:47
20786,Teerth Sridhar,teerthsridhar989@hotmail.com,8380622462,Other_EMail,Male,1959-01-06,,4.1,"{""FoodPreference"": ""Eggetarian"", ""CuisineTypes"": [""Chinese"", ""Continental""]}",2022-08-08 00:35:49,2024-01-01 23:14:23
96510,Onveer Baral,onveerbaral946@yahoo.com,7698375541,GMail_Account,Male,1953-02-08,,4.0,"{""FoodPreference"": ""Eggetarian"", ""CuisineTypes"": [""Chinese""]}",2024-12-19 01:30:44,2024-12-29 04:22:32
15414,Sai Borra,saiborra363@gmail.com,8380875824,Apple_ID,Male,2009-01-25,,4.7,"{""FoodPreference"": ""Veg"", ""CuisineTypes"": [""Mexican"", ""Chinese"", ""Thai"", ""South Indian"", ""North Indian""]}",2020-07-25 02:36:24,2023-10-02 01:05:06
36378,Isha Bahl,ishabahl830@yahoo.com,7815054302,Apple_ID,Female,1986-09-02,2012-08-26,4.3,"{""FoodPreference"": ""Veg"", ""CuisineTypes"": [""South Indian"", ""Chinese"", ""Italian"", ""Street Food""]}",2020-07-03 10:31:09,2022-01-28 17:15:46
703,Wyatt Pandey,wyattpandey555@outlook.com,8847978543,Apple_ID,Other,1958-06-22,1987-06-15,3.6,"{""FoodPreference"": ""Veg"", ""CuisineTypes"": [""Mexican"", ""North Indian"", ""Mediterranean"", ""Italian"", ""Continental""]}",2022-11-16 18:08:15,2023-02-16 23:42:08
62774,Chatura Vaidya,chaturavaidya157@outlook.com,9208253816,Apple_ID,Male,1974-05-13,1999-05-07,3.8,"{""FoodPreference"": ""Veg"", ""CuisineTypes"": [""Thai"", ""Italian"", ""Mexican""]}",2021-06-27 12:13:43,2021-12-30 01:46:25
59165,Aryan Nadig,aryannadig98@hotmail.com,9549843064,GMail_Account,Male,1978-03-30,1996-03-25,4.7,"{""FoodPreference"": ""Eggetarian"", ""CuisineTypes"": [""Street Food"", ""Mediterranean"", ""Thai"", ""Continental"", ""South Indian""]}",2021-04-04 16:45:46,2022-06-14 04:58:19
14693,Raagini Soni,raaginisoni506@outlook.com,7632842848,Apple_ID,Other,1984-05-18,2008-05-12,3.6,"{""FoodPreference"": ""Non-Veg"", ""CuisineTypes"": [""Italian"", ""South Indian"", ""Mexican"", ""Continental"", ""Mediterranean""]}",2021-03-17 02:34:53,2023-04-28 07:20:20
81488,Yamini Borah,jagvibhatia36@yahoo.com,7996907045,GMail_Account,Female,2006-04-23,,3.3,"{""FoodPreference"": ""Vegan"", ""CuisineTypes"": [""Mediterranean"", ""South Indian"", ""Street Food""]}",2023-01-29 05:02:37,2023-11-23 21:52:59
31433,Yashasvi Tella,yashasvitella107@outlook.com,7755932249,Other_EMail,Other,2006-06-09,,4.1,"{""FoodPreference"": ""Vegan"", ""CuisineTypes"": [""Chinese""]}",2023-02-12 13:21:14,2023-05-09 05:17:53
32314,Dhriti De,dhritide275@yahoo.com,8871897222,GMail_Account,Female,1980-10-04,1999-09-30,3.3,"{""FoodPreference"": ""Veg"", ""CuisineTypes"": [""South Indian"", ""Thai"", ""Continental""]}",2020-06-08 22:44:21,2020-08-04 04:28:20
558,Aahana Rama,aahanarama766@gmail.com,8808918125,Other_EMail,Female,1951-09-29,,4.8,"{""FoodPreference"": ""Non-Veg"", ""CuisineTypes"": [""Mediterranean"", ""Japanese"", ""North Indian""]}",2020-05-17 17:15:49,2022-11-28 23:56:13
61301,Rajata Karpe,vedhikakant670@yahoo.com,7498794806,Other_EMail,Female,1966-05-24,,3.1,"{""FoodPreference"": ""Non-Veg"", ""CuisineTypes"": [""Thai"", ""Mexican"", ""Italian""]}",2023-03-14 12:57:25,2024-09-12 03:02:30
20882,Charles Ram,charlesram55@outlook.com,7932297323,Apple_ID,Male,2007-06-27,,3.7,"{""FoodPreference"": ""Eggetarian"", ""CuisineTypes"": [""Continental"", ""South Indian"", ""Mexican"", ""Italian"", ""North Indian""]}",2023-01-03 14:22:12,2024-05-26 11:28:30
63076,Urvi Koshy,urvikoshy521@yahoo.com,8478136435,Apple_ID,Female,1965-09-23,1994-09-16,3.4,"{""FoodPreference"": ""Non-Veg"", ""CuisineTypes"": [""Street Food"", ""Mexican"", ""Continental""]}",2020-09-22 03:02:12,2024-09-23 08:19:23
41959,Dominic Roy,dominicroy284@hotmail.com,7620664507,Other_EMail,Male,1952-09-29,1973-09-24,3.2,"{""FoodPreference"": ""Non-Veg"", ""CuisineTypes"": [""Thai""]}",2023-07-02 14:34:56,2025-03-07 04:12:49
10254,Yasti Chacko,mitalidhillon579@yahoo.com,9389266509,Apple_ID,Female,1959-01-23,1981-01-17,3.2,"{""FoodPreference"": ""Non-Veg"", ""CuisineTypes"": [""Chinese"", ""Mediterranean"", ""North Indian""]}",2021-01-26 04:24:52,2024-05-18 02:03:28
72482,Yamini Mammen,lakshminori344@outlook.com,9361340014,Apple_ID,Female,1982-12-25,,4.9,"{""FoodPreference"": ""Eggetarian"", ""CuisineTypes"": [""Street Food"", ""Thai"", ""South Indian""]}",2020-10-21 19:16:47,2022-07-13 19:28:58
20973,Omisha Tata,omishatata110@outlook.com,9912842207,GMail_Account,Female,1987-11-18,2017-11-10,3.1,"{""FoodPreference"": ""Vegan"", ""CuisineTypes"": [""Thai"", ""South Indian"", ""Street Food"", ""North Indian""]}",2022-01-14 19:35:31,2023-09-04 13:09:06
7125,Meera Choudhury,meerachoudhury388@yahoo.com,9041296084,GMail_Account,Female,1967-02-24,1992-02-18,4.8,"{""FoodPreference"": ""Veg"", ""CuisineTypes"": [""Chinese"", ""Japanese""]}",2021-07-30 13:20:04,2024-05-02 14:17:26
3474,Thomas Bir,thomasbir893@gmail.com,8903029875,Other_EMail,Male,1952-06-14,1974-06-09,3.6,"{""FoodPreference"": ""Veg"", ""CuisineTypes"": [""Thai""]}",2021-01-30 13:03:03,2023-06-11 09:02:41
26436,Chakrika Dhar,chakrikadhar510@hotmail.com,7243961373,Other_EMail,Female,1987-07-09,2008-07-03,4.1,"{""FoodPreference"": ""Veg"", ""CuisineTypes"": [""Mediterranean"", ""Chinese"", ""Street Food"", ""North Indian"", ""South Indian""]}",2024-11-11 11:36:36,2024-12-04 06:26:20
48372,Nitesh Gour,niteshgour398@gmail.com,8563340236,GMail_Account,Male,2003-06-10,,3.1,"{""FoodPreference"": ""Vegan"", ""CuisineTypes"": [""Chinese"", ""Mexican"", ""Mediterranean"", ""North Indian""]}",2023-10-28 06:34:42,2025-02-03 10:06:17
79119,Vasudha Bera,vasudhabera690@outlook.com,7106564554,Apple_ID,Female,1977-12-28,,4.0,"{""FoodPreference"": ""Eggetarian"", ""CuisineTypes"": [""South Indian""]}",2024-05-29 19:37:40,2024-08-23 22:31:37
28365,Avni Issac,triptisaxena329@gmail.com,7599023606,Apple_ID,Female,1949-08-06,1976-07-30,4.4,"{""FoodPreference"": ""Eggetarian"", ""CuisineTypes"": [""Continental"", ""Street Food"", ""Japanese"", ""Italian"", ""Chinese""]}",2024-05-16 07:07:04,2025-03-11 17:03:19
58822,Zilmil Vala,zilmilvala664@yahoo.com,8173328167,GMail_Account,Female,1981-01-02,1999-12-29,4.2,"{""FoodPreference"": ""Non-Veg"", ""CuisineTypes"": [""North Indian""]}",2023-04-21 03:27:24,2024-05-26 05:20:56
90414,Upasna Baral,upasnabaral776@gmail.com,7848111470,Apple_ID,Female,2008-10-07,,3.1,"{""FoodPreference"": ""Vegan"", ""CuisineTypes"": [""Italian""]}",2022-07-15 06:41:07,2022-09-06 03:14:17
33637,Joshua Rajagopalan,joshuarajagopalan318@yahoo.com,8404770219,GMail_Account,Male,1980-10-02,2005-09-26,3.5,"{""FoodPreference"": ""Vegan"", ""CuisineTypes"": [""Japanese""]}",2023-12-31 10:21:55,2024-07-24 09:21:39
38544,Prisha Kurian,prishakurian545@gmail.com,8064428830,Other_EMail,Female,1996-11-14,2021-11-08,4.0,"{""FoodPreference"": ""Vegan"", ""CuisineTypes"": [""Mexican"", ""Mediterranean"", ""Continental"", ""Street Food"", ""Japanese""]}",2024-09-13 11:09:39,2025-01-03 08:36:03
30719,Madhavi Lalla,jasmitsha376@outlook.com,7306724903,Other_EMail,Female,2000-03-24,2025-03-18,4.5,"{""FoodPreference"": ""Eggetarian"", ""CuisineTypes"": [""North Indian"", ""Street Food""]}",2023-06-30 02:10:56,2024-06-02 16:19:54
23009,Widisha Bansal,gangabera754@hotmail.com,7029180630,Apple_ID,Female,1955-12-25,1985-12-17,4.0,"{""FoodPreference"": ""Vegan"", ""CuisineTypes"": [""North Indian"", ""Thai""]}",2024-11-05 20:26:59,2025-01-05 13:07:41
49669,Aarna Madan,ektaganesan64@hotmail.com,7414168935,Other_EMail,Female,1974-08-04,2001-07-28,3.4,"{""FoodPreference"": ""Vegan"", ""CuisineTypes"": [""Thai"", ""Mediterranean""]}",2024-09-01 09:19:33,2025-02-21 19:01:05
68162,Peter Sen,nicholassathe918@outlook.com,8264173201,Apple_ID,Male,1978-08-18,2006-08-11,4.5,"{""FoodPreference"": ""Eggetarian"", ""CuisineTypes"": [""North Indian"", ""Italian""]}",2021-04-29 12:15:30,2021-10-18 10:51:33
26817,Urvi Sankar,urvisankar518@yahoo.com,8988750426,GMail_Account,Female,1982-05-07,,4.1,"{""FoodPreference"": ""Veg"", ""CuisineTypes"": [""Thai"", ""Mexican"", ""South Indian""]}",2021-11-25 16:18:49,2022-11-15 08:41:03
20018,Veer Comar,veercomar500@outlook.com,7960815295,Other_EMail,Male,1954-03-31,1982-03-24,4.8,"{""FoodPreference"": ""Eggetarian"", ""CuisineTypes"": [""Mediterranean"", ""Italian"", ""North Indian"", ""Thai"", ""Continental""]}",2022-10-28 17:43:55,2022-12-17 14:30:34
93261,Harini Naik,geetikagola779@hotmail.com,9391809837,Apple_ID,Female,1999-03-21,,4.6,"{""FoodPreference"": ""Vegan"", ""CuisineTypes"": [""South Indian"", ""Japanese"", ""Thai"", ""Continental"", ""Street Food""]}",2021-10-12 18:19:22,2022-02-03 14:12:15
94237,Riya Sridhar,riyasridhar538@outlook.com,7203949515,Other_EMail,Female,1996-02-17,2020-02-11,4.9,"{""FoodPreference"": ""Vegan"", ""CuisineTypes"": [""Japanese"", ""Mexican"", ""Italian"", ""Chinese""]}",2022-09-02 19:42:02,2024-11-13 05:52:12
80594,Daniel Ranganathan,danielranganathan824@hotmail.com,7727508844,GMail_Account,Male,1953-03-01,1981-02-22,3.8,"{""FoodPreference"": ""Non-Veg"", ""CuisineTypes"": [""Italian"", ""Mediterranean"", ""Chinese"", ""North Indian""]}",2022-04-06 16:59:23,2023-11-18 00:00:32
85961,Vasatika Mangat,vasatikamangat879@yahoo.com,9903279839,Other_EMail,Female,2008-10-12,,4.9,"{""FoodPreference"": ""Vegan"", ""CuisineTypes"": [""Thai""]}",2024-06-03 03:53:45,2025-03-03 16:15:02
19392,Bachittar Kala,bachittarkala741@outlook.com,8571508726,Other_EMail,Male,1981-05-13,2002-05-08,4.5,"{""FoodPreference"": ""Vegan"", ""CuisineTypes"": [""Mediterranean"", ""Japanese"", ""South Indian"", ""North Indian"", ""Mexican""]}",2023-02-05 22:29:28,2025-03-07 12:33:59
4617,Pallavi Mutti,pallavimutti970@hotmail.com,8243341436,GMail_Account,Female,1989-04-05,2012-03-30,4.5,"{""FoodPreference"": ""Eggetarian"", ""CuisineTypes"": [""Thai"", ""South Indian""]}",2021-02-27 19:48:19,2024-03-02 08:33:46
69178,Nakul Mandal,nakulmandal828@hotmail.com,7531048870,Apple_ID,Male,1961-07-16,1989-07-09,4.5,"{""FoodPreference"": ""Non-Veg"", ""CuisineTypes"": [""Thai"", ""Japanese"", ""Street Food""]}",2025-02-04 06:11:43,2025-03-09 10:53:36
32033,Watika Magar,watikamagar691@outlook.com,8127537570,GMail_Account,Female,2005-04-30,,5.0,"{""FoodPreference"": ""Eggetarian"", ""CuisineTypes"": [""Thai"", ""Italian"", ""Continental"", ""Chinese"", ""North Indian""]}",2022-12-02 06:18:32,2023-05-16 16:30:11
96491,Lipika Uppal,vrishtibhardwaj116@outlook.com,8481804600,GMail_Account,Female,1961-08-08,1985-08-02,3.9,"{""FoodPreference"": ""Non-Veg"", ""CuisineTypes"": [""Continental"", ""Japanese"", ""North Indian"", ""Italian"", ""Thai""]}",2025-03-07 12:56:32,2025-04-29 14:12:49
64493,Manthan Vasa,manthanvasa477@outlook.com,8962589176,GMail_Account,Male,1953-06-08,1977-06-02,3.4,"{""FoodPreference"": ""Eggetarian"", ""CuisineTypes"": [""Japanese""]}",2024-10-05 23:58:37,2024-11-15 15:31:41
16057,Omaja Mander,omajamander662@hotmail.com,8920579934,Apple_ID,Female,1987-05-05,2017-04-27,3.5,"{""FoodPreference"": ""Vegan"", ""CuisineTypes"": [""Thai"", ""Continental"", ""Mexican"", ""Chinese""]}",2023-08-09 00:06:48,2024-05-25 16:11:36
19150,Omisha Chopra,eeshawalia201@yahoo.com,7373208243,Apple_ID,Female,1971-07-29,,4.9,"{""FoodPreference"": ""Veg"", ""CuisineTypes"": [""South Indian"", ""Japanese""]}",2021-06-22 08:52:52,2021-12-04 09:11:29
17265,Finn Anand,finnanand253@gmail.com,7793331033,GMail_Account,Male,1953-10-18,1978-10-12,3.6,"{""FoodPreference"": ""Eggetarian"", ""CuisineTypes"": [""Italian"", ""Continental"", ""Mexican"", ""Japanese"", ""North Indian""]}",2022-10-08 05:35:11,2023-03-28 06:12:27
68721,Mahika Basu,aarnareddy615@yahoo.com,9022377700,Other_EMail,Female,1980-10-22,2001-10-17,4.6,"{""FoodPreference"": ""Veg"", ""CuisineTypes"": [""Thai"", ""Continental"", ""Japanese""]}",2021-04-05 09:38:17,2022-05-23 05:22:17
9472,Ishaan Panchal,harshchar303@gmail.com,8409712712,Other_EMail,Male,1977-06-27,,4.2,"{""FoodPreference"": ""Vegan"", ""CuisineTypes"": [""Mediterranean""]}",2025-01-03 08:36:55,2025-01-22 03:28:55
16144,Gabriel Chand,gabrielchand314@gmail.com,9003500251,Other_EMail,Male,1974-06-17,1998-06-11,4.5,"{""FoodPreference"": ""Eggetarian"", ""CuisineTypes"": [""North Indian""]}",2020-11-15 12:37:10,2025-01-13 05:06:51
98869,Balvan Borra,ekapadtailor410@hotmail.com,8790945136,Apple_ID,Male,1956-03-25,1985-03-18,4.8,"{""FoodPreference"": ""Non-Veg"", ""CuisineTypes"": [""Thai""]}",2023-08-01 01:46:50,2024-12-17 10:15:49
19134,Aarna Pradhan,aarnapradhan796@hotmail.com,8823056491,Other_EMail,Female,2000-11-10,,4.3,"{""FoodPreference"": ""Veg"", ""CuisineTypes"": [""Street Food"", ""South Indian"", ""Mediterranean"", ""Mexican"", ""Italian""]}",2022-08-07 12:10:56,2023-10-21 12:33:48
78105,Kai Minhas,kaiminhas971@outlook.com,8247469366,GMail_Account,Male,1953-08-08,,4.1,"{""FoodPreference"": ""Vegan"", ""CuisineTypes"": [""Chinese"", ""South Indian"", ""Mexican"", ""Mediterranean""]}",2023-08-24 08:02:09,2025-03-09 05:24:37
59518,Aradhana More,aarinikashyap710@gmail.com,8652231439,GMail_Account,Female,1958-11-02,1980-10-27,3.6,"{""FoodPreference"": ""Eggetarian"", ""CuisineTypes"": [""Japanese"", ""Chinese""]}",2021-10-16 13:58:46,2023-09-22 22:08:09
29834,Jhalak Kale,jhalakkale770@gmail.com,7500498388,GMail_Account,Female,1993-01-15,2011-01-11,4.8,"{""FoodPreference"": ""Non-Veg"", ""CuisineTypes"": [""Continental"", ""South Indian"", ""Street Food"", ""Japanese"", ""North Indian""]}",2023-02-08 00:02:34,2024-08-14 06:26:06
67243,Arjun Halder,arjunhalder977@outlook.com,7017821222,GMail_Account,Male,1953-05-21,1980-05-14,4.6,"{""FoodPreference"": ""Vegan"", ""CuisineTypes"": [""Chinese"", ""South Indian"", ""Street Food""]}",2023-11-18 11:17:13,2024-10-04 15:01:40
68077,Vedhika Tandon,vedhikatandon926@outlook.com,7388066988,GMail_Account,Female,1996-06-08,2021-06-02,3.7,"{""FoodPreference"": ""Veg"", ""CuisineTypes"": [""Continental"", ""Thai""]}",2022-09-03 18:51:49,2025-03-29 19:00:36
60900,Anay Brar,anaybrar803@gmail.com,9747133161,GMail_Account,Male,1992-07-29,2020-07-22,4.3,"{""FoodPreference"": ""Eggetarian"", ""CuisineTypes"": [""Thai"", ""North Indian"", ""Japanese""]}",2020-05-22 03:37:29,2024-09-14 00:14:58
13180,Jatin Shetty,jatinshetty187@yahoo.com,8742204319,Apple_ID,Male,1971-01-08,,3.9,"{""FoodPreference"": ""Eggetarian"", ""CuisineTypes"": [""Thai"", ""Chinese"", ""Mexican"", ""Mediterranean""]}",2020-10-26 23:36:20,2025-04-30 01:32:16
28487,Saanvi Chand,saanvichand103@outlook.com,8076172787,GMail_Account,Female,1951-04-14,1969-04-09,4.2,"{""FoodPreference"": ""Non-Veg"", ""CuisineTypes"": [""Thai"", ""Continental""]}",2024-10-09 14:26:03,2024-12-05 06:41:03
84474,Dalbir Ghosh,noahdhillon866@yahoo.com,9858559657,GMail_Account,Male,1979-06-05,1998-05-31,4.5,"{""FoodPreference"": ""Non-Veg"", ""CuisineTypes"": [""North Indian"", ""Chinese"", ""Thai"", ""Italian""]}",2023-10-10 21:08:54,2024-08-23 12:36:36
54088,Prisha Kari,prishakari15@hotmail.com,7360205257,GMail_Account,Female,1958-12-11,1980-12-05,4.2,"{""FoodPreference"": ""Non-Veg"", ""CuisineTypes"": [""Street Food"", ""Italian"", ""Japanese"", ""Mexican""]}",2022-07-20 22:54:47,2023-07-28 12:11:24
2208,Deepa Munshi,deepamunshi614@hotmail.com,9866351565,Apple_ID,Female,1981-11-21,2008-11-14,3.5,"{""FoodPreference"": ""Eggetarian"", ""CuisineTypes"": [""Italian"", ""North Indian"", ""Thai""]}",2021-05-28 12:52:44,2022-09-12 12:36:06
69392,Aarini Joshi,aarinijoshi738@gmail.com,7793441197,GMail_Account,Female,1988-02-27,2010-02-21,3.5,"{""FoodPreference"": ""Non-Veg"", ""CuisineTypes"": [""Thai""]}",2025-03-30 14:55:17,2025-04-27 16:44:39
80170,Yadavi Bumb,yadavibumb795@outlook.com,8903665436,GMail_Account,Female,1975-08-23,1999-08-17,4.3,"{""FoodPreference"": ""Eggetarian"", ""CuisineTypes"": [""Mexican"", ""Chinese"", ""Street Food"", ""Continental""]}",2024-05-19 18:17:49,2025-03-18 20:06:52
80100,Jalsa Narang,shravyarattan16@hotmail.com,8455066347,Other_EMail,Female,1977-08-31,1997-08-26,3.2,"{""FoodPreference"": ""Non-Veg"", ""CuisineTypes"": [""Italian"", ""Thai""]}",2023-05-23 22:04:10,2023-05-29 07:10:35
89143,Yashodhara Bawa,yashodharabawa11@outlook.com,7774706837,GMail_Account,Female,2003-12-14,,4.8,"{""FoodPreference"": ""Eggetarian"", ""CuisineTypes"": [""Japanese""]}",2024-06-01 02:40:35,2024-08-24 15:53:24
95680,Dayita Master,daminichoudhry919@yahoo.com,7395384573,Other_EMail,Female,1973-08-22,2001-08-15,4.8,"{""FoodPreference"": ""Veg"", ""CuisineTypes"": [""Italian"", ""South Indian"", ""Mediterranean"", ""Chinese""]}",2023-06-29 18:43:16,2024-06-23 10:53:28
21516,Jeremiah Mahajan,georgepandit173@outlook.com,8088373938,Other_EMail,Male,2000-02-02,,4.0,"{""FoodPreference"": ""Eggetarian"", ""CuisineTypes"": [""Mexican"", ""Italian"", ""Street Food"", ""North Indian"", ""Thai""]}",2022-10-31 05:19:12,2023-01-14 10:38:41
3567,Ria Aggarwal,riaaggarwal999@yahoo.com,8788047143,GMail_Account,Female,1978-09-28,,4.7,"{""FoodPreference"": ""Eggetarian"", ""CuisineTypes"": [""Thai"", ""South Indian"", ""Street Food"", ""Mexican""]}",2020-07-06 07:27:17,2020-09-17 09:15:45
51278,Logan Grewal,logangrewal213@yahoo.com,8041172988,Apple_ID,Male,1957-10-17,1982-10-11,4.8,"{""FoodPreference"": ""Eggetarian"", ""CuisineTypes"": [""Chinese"", ""Mediterranean"", ""Japanese"", ""Thai"", ""Italian""]}",2021-08-11 15:54:16,2022-07-02 10:51:37
5644,Varsha Raja,varsharaja955@outlook.com,8826081981,Other_EMail,Female,2003-01-17,2022-01-12,4.0,"{""FoodPreference"": ""Non-Veg"", ""CuisineTypes"": [""South Indian""]}",2022-06-30 02:13:36,2023-08-25 11:25:40
27795,Manbir Sane,manbirsane796@gmail.com,9585763144,Apple_ID,Male,2008-10-09,,3.1,"{""FoodPreference"": ""Vegan"", ""CuisineTypes"": [""Mexican""]}",2025-03-03 16:50:58,2025-04-15 13:17:34
11422,George Bumb,georgebumb780@yahoo.com,8834141167,Apple_ID,Male,1992-10-18,2014-10-13,4.9,"{""FoodPreference"": ""Vegan"", ""CuisineTypes"": [""Thai"", ""South Indian"", ""North Indian""]}",2023-09-22 09:51:52,2023-12-19 12:10:24
19104,Raghav Shukla,raghavshukla338@hotmail.com,9906480208,Apple_ID,Male,1988-08-01,2007-07-28,3.3,"{""FoodPreference"": ""Vegan"", ""CuisineTypes"": [""Chinese"", ""Italian"", ""Japanese"", ""Mexican"", ""Continental""]}",2022-01-06 10:01:00,2023-11-28 07:45:24
45205,Edhitha Saha,edhithasaha344@hotmail.com,7048489696,GMail_Account,Female,1998-05-01,,4.1,"{""FoodPreference"": ""Veg"", ""CuisineTypes"": [""Japanese"", ""South Indian"", ""Italian"", ""Mexican"", ""Street Food""]}",2024-04-06 22:54:57,2024-05-26 11:32:41
26678,Lopa Jha,kamalamanne909@gmail.com,9579756915,Other_EMail,Female,1969-09-03,1987-08-30,3.7,"{""FoodPreference"": ""Eggetarian"", ""CuisineTypes"": [""Italian"", ""Street Food"", ""Chinese"", ""Mediterranean""]}",2021-11-17 01:56:50,2023-11-27 23:58:37
3046,Amrita Ghosh,amritaghosh300@outlook.com,8789454840,GMail_Account,Female,2001-05-04,,3.8,"{""FoodPreference"": ""Veg"", ""CuisineTypes"": [""Continental""]}",2023-01-24 08:07:00,2023-11-20 14:05:58
83420,Raghav Sundaram,raghavsundaram846@yahoo.com,8875306729,Apple_ID,Male,1990-11-14,2014-11-08,3.3,"{""FoodPreference"": ""Vegan"", ""CuisineTypes"": [""Street Food"", ""Mexican"", ""Italian"", ""Chinese"", ""Continental""]}",2024-11-27 09:11:27,2025-03-10 15:31:17
